Date,Symbol,Open,High,Low,Close,Volume
01-01-2020,TCS,2168,2183.9,2154,2167.6,1354908
02-01-2020,TCS,2179.95,2179.95,2149.2,2157.65,2380752
03-01-2020,TCS,2164,2223,2164,2200.65,4655761
06-01-2020,TCS,2205,2225.95,2187.9,2200.45,3023209
07-01-2020,TCS,2200.5,2214.65,2183.8,2205.85,2429317
08-01-2020,TCS,2205,2260,2202.05,2255.25,5197454
09-01-2020,TCS,2248.75,2251.95,2210,2214.35,3734173
10-01-2020,TCS,2228,2234,2208,2213.55,1915807
13-01-2020,TCS,2217.85,2218.95,2184.7,2190.35,2843893
14-01-2020,TCS,2195,2229.8,2195,2206.9,2948452
15-01-2020,TCS,2213,2231,2194.2,2226.9,2620681
16-01-2020,TCS,2226.95,2249,2215,2238.8,3117214
17-01-2020,TCS,2240.75,2253.55,2213,2219.1,3281059
20-01-2020,TCS,2194.9,2242.2,2156.2,2170.35,5817599
21-01-2020,TCS,2169.95,2186.55,2158.05,2171.05,1902980
22-01-2020,TCS,2181,2210,2173.7,2206.9,1773686
23-01-2020,TCS,2209.8,2217.75,2183.7,2190.95,2069866
24-01-2020,TCS,2190.95,2190.95,2170,2183.4,1319430
27-01-2020,TCS,2189.7,2193.45,2165,2169.25,1549101
28-01-2020,TCS,2174,2187.8,2152,2183.75,1743024
29-01-2020,TCS,2185,2186.95,2150,2154.6,2306761
30-01-2020,TCS,2160,2165,2125,2137.85,2098567
31-01-2020,TCS,2139.4,2144.35,2071.6,2079.05,3287223
01-02-2020,TCS,2079.5,2180.7,2063.6,2164.85,3319716
03-02-2020,TCS,2152,2194.7,2093.2,2102.5,4728073
04-02-2020,TCS,2129,2136.7,2086.6,2107.75,3509339
05-02-2020,TCS,2115,2156.7,2104.3,2146.55,2439322
06-02-2020,TCS,2145,2174.2,2115.5,2128.35,2640065
07-02-2020,TCS,2139,2151,2119,2136.55,2083442
10-02-2020,TCS,2140.9,2167,2119,2161.95,2383032
11-02-2020,TCS,2163,2174.8,2147.6,2153.4,1335820
12-02-2020,TCS,2151.1,2185,2150,2170.75,1620407
13-02-2020,TCS,2172.95,2197,2171,2191.95,1645948
14-02-2020,TCS,2188,2212,2171,2184.2,1500115
17-02-2020,TCS,2196.95,2217,2190.2,2203.25,1774724
18-02-2020,TCS,2199.95,2221,2186.05,2215.75,2486223
19-02-2020,TCS,2215.75,2230,2190.5,2196.35,1760463
20-02-2020,TCS,2204.5,2214.4,2151.25,2156.8,2317278
24-02-2020,TCS,2156,2178.95,2106.7,2115.35,3092877
25-02-2020,TCS,2115.5,2176.65,2111,2156.15,2674567
26-02-2020,TCS,2154,2163.9,2112.95,2123.6,2686842
27-02-2020,TCS,2119.95,2119.95,2086.2,2105.5,2349001
28-02-2020,TCS,2068,2069.5,1990,2000.15,4298076
02-03-2020,TCS,2035,2053.95,1985.7,2001.3,2667076
03-03-2020,TCS,2020,2060,2012,2036.2,2757585
04-03-2020,TCS,2056,2094.45,2025,2083.2,3237002
05-03-2020,TCS,2085.7,2147.75,2084.05,2125.05,3937056
06-03-2020,TCS,2098,2123.65,2071.6,2116.45,2595027
09-03-2020,TCS,2075,2079.9,1935,1972.35,4940982
11-03-2020,TCS,1933,1987.3,1920,1953.7,6796752
12-03-2020,TCS,1904,1908.4,1758.35,1769.85,8728972
13-03-2020,TCS,1687.9,1820,1506.05,1806.3,8029725
16-03-2020,TCS,1755,1842.25,1675.85,1696.4,7844420
17-03-2020,TCS,1730,1731,1623.15,1658,5713269
18-03-2020,TCS,1676.8,1713.55,1627.75,1654.4,7259111
19-03-2020,TCS,1559.7,1685.45,1546.75,1636.35,5135162
20-03-2020,TCS,1630,1869,1627,1797.45,8547645
23-03-2020,TCS,1620,1750,1617.75,1669.7,7003558
24-03-2020,TCS,1653.05,1770,1632.85,1703.15,6354209
25-03-2020,TCS,1700,1810,1680,1750.3,2765527
26-03-2020,TCS,1831.6,1832.05,1722.55,1790.95,4556071
27-03-2020,TCS,1820,1850,1750.4,1824.5,4331310
30-03-2020,TCS,1766,1905,1763.55,1778.5,8513608
31-03-2020,TCS,1837.4,1855,1780,1826.1,3927593
01-04-2020,TCS,1825.9,1834.75,1702,1708.75,4941898
03-04-2020,TCS,1740,1740,1650,1654.2,5735529
07-04-2020,TCS,1710,1785.85,1705,1775.2,5427965
08-04-2020,TCS,1760,1806,1701,1705.45,6285616
09-04-2020,TCS,1750.45,1778.8,1731.2,1766.15,5307649
13-04-2020,TCS,1761,1787,1746,1759.25,2990478
15-04-2020,TCS,1785,1812,1727.8,1735.15,4761401
16-04-2020,TCS,1709.95,1764.9,1675.05,1716.05,6245583
17-04-2020,TCS,1800,1851.95,1753,1806.2,9895825
20-04-2020,TCS,1830,1830,1802.5,1818.65,3244293
21-04-2020,TCS,1765,1794.6,1727.7,1737.65,5122606
22-04-2020,TCS,1737.65,1790,1719.15,1769.5,3829839
23-04-2020,TCS,1780,1900,1760.85,1878.25,5934424
24-04-2020,TCS,1840.7,1851.95,1807.8,1818.55,2987150
27-04-2020,TCS,1832.3,1875,1825,1836.6,3374747
28-04-2020,TCS,1865,1868,1832.6,1859.05,2678512
29-04-2020,TCS,1874,1912.55,1850.05,1905.65,4241579
30-04-2020,TCS,1980,2032,1942.2,2014.45,5915950
04-05-2020,TCS,1966,1966,1913.65,1930.45,3729409
05-05-2020,TCS,1955.1,1977,1927,1932.75,2905541
06-05-2020,TCS,1939.8,1953.7,1893.6,1903.6,3517432
07-05-2020,TCS,1910,1934.45,1883.35,1891.65,3166784
08-05-2020,TCS,1939.1,1939.5,1886.25,1893.4,2686536
11-05-2020,TCS,1909,1951.4,1909,1935.3,2449846
12-05-2020,TCS,1933.4,1956.5,1910.25,1949.5,3256630
13-05-2020,TCS,1994,1994,1925.65,1949.65,2656665
14-05-2020,TCS,1910,1923.1,1891.1,1902.35,2263204
15-05-2020,TCS,1916,1917.4,1865.2,1892.9,3173682
18-05-2020,TCS,1907,1952.95,1872.1,1945.6,3727896
19-05-2020,TCS,1903,1966.45,1903,1948.65,3198699
20-05-2020,TCS,1950,1962.9,1931.7,1953.6,2778505
21-05-2020,TCS,1946,1998,1941.15,1991.2,3400925
22-05-2020,TCS,1977.1,2032,1961.25,2020.35,3663422
26-05-2020,TCS,2015,2024,1925,1943,4575512
27-05-2020,TCS,1959,2010,1941.25,2005.3,3482185
28-05-2020,TCS,1988.5,2014,1971.3,2004.3,3475788
29-05-2020,TCS,1982,2002.65,1962.4,1972.35,7237765
01-06-2020,TCS,1990,2060,1981.1,2045.25,3747850
02-06-2020,TCS,2060.2,2081,2040.05,2047.15,2443886
03-06-2020,TCS,2051.85,2063.75,2020,2046.15,3699799
04-06-2020,TCS,2046.75,2100,2046.75,2091.55,4048593
05-06-2020,TCS,2091.6,2098,2040.3,2048.25,3573299
08-06-2020,TCS,2078.25,2095,2062.1,2071.75,2957841
09-06-2020,TCS,2063.1,2095.5,2060.25,2072.05,2910152
10-06-2020,TCS,2077.05,2132,2073.5,2108.75,5168494
11-06-2020,TCS,2100,2105,2061.8,2067.65,2269569
12-06-2020,TCS,2011.2,2049.2,2011,2039.5,2842757
15-06-2020,TCS,2039.1,2059,2000.95,2029.9,2399028
16-06-2020,TCS,2065,2073.95,2031,2045.8,2146528
17-06-2020,TCS,2046,2058.85,2026.55,2047.8,2703546
18-06-2020,TCS,2045,2059.2,2025.2,2038.1,1944471
19-06-2020,TCS,2042,2090,2032,2044.6,5681784
22-06-2020,TCS,2050,2052.25,2019.15,2027.95,3196138
23-06-2020,TCS,2027,2044,2010,2035.3,4206122
24-06-2020,TCS,2034,2064.25,2031.6,2042.2,2560951
25-06-2020,TCS,2035,2060,2009.25,2016.1,3044089
26-06-2020,TCS,2025,2132,2019.95,2118.85,6300912
29-06-2020,TCS,2108,2127.6,2091.3,2101.65,3076344
30-06-2020,TCS,2100,2111.9,2075.05,2082.15,3071877
01-07-2020,TCS,2079.7,2113.95,2079.5,2092.05,2503466
02-07-2020,TCS,2102,2165,2098,2157.15,3758709
03-07-2020,TCS,2163.65,2205,2160.25,2199.65,4185215
06-07-2020,TCS,2205,2269.9,2205,2263.2,5190366
07-07-2020,TCS,2275,2302.7,2232.15,2269.9,5630081
08-07-2020,TCS,2270,2274.4,2207.6,2218.9,2793674
09-07-2020,TCS,2229,2244.5,2191.05,2204.35,3443998
10-07-2020,TCS,2205.25,2249.85,2176,2222.35,9610327
13-07-2020,TCS,2220,2244.95,2210,2220,2963525
14-07-2020,TCS,2210,2239,2165,2171.95,2976749
15-07-2020,TCS,2185,2260,2181.1,2233.9,5569322
16-07-2020,TCS,2244,2333,2220.1,2234.75,8582120
17-07-2020,TCS,2237,2243.9,2190.05,2200.75,4509143
20-07-2020,TCS,2201,2226.9,2190.8,2207.9,2952719
21-07-2020,TCS,2230,2238.65,2201.15,2225.05,2665386
22-07-2020,TCS,2231,2231,2184.2,2190.95,2861698
23-07-2020,TCS,2190.95,2190.95,2163,2171.2,2265791
24-07-2020,TCS,2154.5,2163,2125.1,2157.4,3665123
27-07-2020,TCS,2165,2215,2163.5,2206.8,4248837
28-07-2020,TCS,2215,2320,2215,2309.75,8092458
29-07-2020,TCS,2292,2342,2246.05,2276.05,6090440
30-07-2020,TCS,2285.9,2358,2272.25,2279.5,7098913
31-07-2020,TCS,2303.15,2334.8,2257.45,2281.4,4723290
03-08-2020,TCS,2290.45,2303.85,2230.7,2254.15,4012445
04-08-2020,TCS,2259.95,2269.65,2225.05,2249.7,2927953
05-08-2020,TCS,2260,2300,2253,2259.5,3800641
06-08-2020,TCS,2275,2319.5,2265.35,2308.1,4748348
07-08-2020,TCS,2308,2328,2287,2295.35,3165495
10-08-2020,TCS,2318,2325,2276.05,2282.8,2929385
11-08-2020,TCS,2283,2312,2275.6,2279.9,2774509
12-08-2020,TCS,2288.35,2296.4,2246.55,2257.35,3415766
13-08-2020,TCS,2273,2300,2250.5,2254.45,2695682
14-08-2020,TCS,2277,2281.3,2233.1,2242.15,2270405
17-08-2020,TCS,2263,2270,2238.25,2253.4,2625670
18-08-2020,TCS,2262.8,2289,2248.3,2269.75,3493411
19-08-2020,TCS,2276.35,2284.6,2252.5,2256.6,2843007
20-08-2020,TCS,2257,2276.55,2240.05,2252.85,2895265
21-08-2020,TCS,2260,2271,2241.05,2248.6,1975304
24-08-2020,TCS,2250.6,2259.95,2230,2248.1,2167987
25-08-2020,TCS,2245,2250,2233.55,2242.65,1663454
26-08-2020,TCS,2242,2259.9,2216.45,2253.5,2618159
27-08-2020,TCS,2266,2287.35,2241.75,2248.4,3579397
28-08-2020,TCS,2268.4,2279.95,2235.1,2238.55,2941156
31-08-2020,TCS,2240,2276.2,2228,2257.25,6018160
01-09-2020,TCS,2269,2278,2241.3,2246.35,3610908
02-09-2020,TCS,2247,2268.75,2241.65,2265.15,2084152
03-09-2020,TCS,2268,2324,2268,2299.5,4654146
04-09-2020,TCS,2275,2324.25,2262.95,2288.8,5232180
07-09-2020,TCS,2289,2343.5,2283.35,2327.05,4620416
08-09-2020,TCS,2335.95,2390.45,2327.05,2348.2,7454161
09-09-2020,TCS,2325,2359,2320,2327.65,3866542
10-09-2020,TCS,2335,2348.5,2324.3,2331.15,2308813
11-09-2020,TCS,2330.95,2383,2330.15,2374.1,4145429
14-09-2020,TCS,2384.1,2505.75,2381.85,2491.4,7512284
15-09-2020,TCS,2491.4,2538,2464.6,2491.4,7318773
16-09-2020,TCS,2488.95,2507.6,2477.3,2503,3074013
17-09-2020,TCS,2480,2495.75,2450.6,2460.95,4828231
18-09-2020,TCS,2485,2500.4,2436.4,2449.9,4183256
21-09-2020,TCS,2465,2504.9,2452.15,2465.3,4598809
22-09-2020,TCS,2485,2555,2458,2522.95,7499927
23-09-2020,TCS,2510,2519.85,2409,2467.45,7503152
24-09-2020,TCS,2450,2450,2302.6,2332.25,8425118
25-09-2020,TCS,2368,2440,2352.1,2422.3,8228297
28-09-2020,TCS,2440,2444,2366,2426.3,4347177
29-09-2020,TCS,2434.85,2511.05,2426.3,2488.4,6995815
30-09-2020,TCS,2489,2505,2460,2492.3,3917186
01-10-2020,TCS,2510,2540,2492.3,2523.45,2610338
05-10-2020,TCS,2620,2728.1,2603.05,2705.8,17412119
06-10-2020,TCS,2736,2736,2650.1,2714.3,9846376
07-10-2020,TCS,2742,2770,2703,2735.95,9656167
08-10-2020,TCS,2800,2885,2800,2825.7,19839826
09-10-2020,TCS,2810,2829.85,2780,2812.95,7739375
12-10-2020,TCS,2815.5,2854,2800.75,2830,4623211
13-10-2020,TCS,2845,2854.9,2812.2,2826.55,4209905
14-10-2020,TCS,2842,2842,2787.55,2809.6,4395979
15-10-2020,TCS,2811,2827.75,2727,2740.6,6629395
16-10-2020,TCS,2750.1,2771.65,2731.3,2763.3,5273773
19-10-2020,TCS,2774,2774,2706.6,2711.55,3331194
20-10-2020,TCS,2725,2759.9,2717.95,2739,3406298
21-10-2020,TCS,2739,2749,2663.05,2675.4,4570175
22-10-2020,TCS,2661,2686.65,2638.1,2671.15,5262311
23-10-2020,TCS,2687.8,2702,2670.1,2686.8,3499372
26-10-2020,TCS,2689.95,2709.95,2670.5,2688.2,2672766
27-10-2020,TCS,2699.75,2718.15,2624.1,2630.15,3537594
28-10-2020,TCS,2650,2655.95,2606,2622.2,3569515
29-10-2020,TCS,2608,2655,2600.25,2632.65,3105970
30-10-2020,TCS,2636.1,2674.35,2621.6,2664.85,3427003
02-11-2020,TCS,2660,2664.85,2600.05,2604.6,2571196
03-11-2020,TCS,2604,2665,2601.05,2633.6,2879269
04-11-2020,TCS,2610,2721.85,2610,2653.15,4893928
05-11-2020,TCS,2685,2710,2667,2685.7,2816502
06-11-2020,TCS,2699,2713.25,2681.3,2707.45,3884421
09-11-2020,TCS,2731.1,2744,2695.1,2726.6,3646592
10-11-2020,TCS,2697.2,2713.15,2638.35,2649.6,4760020
11-11-2020,TCS,2667.95,2692.8,2643.4,2687.8,3242441
12-11-2020,TCS,2686,2713,2661.75,2671.05,2437505
13-11-2020,TCS,2655.75,2664.9,2636,2656.85,2548093
14-11-2020,TCS,2677.95,2689,2660.05,2670.35,298819
17-11-2020,TCS,2695,2695,2650.05,2666.05,2827273
18-11-2020,TCS,2661,2664.2,2607.05,2626.65,2893762
19-11-2020,TCS,2637,2676.15,2630.85,2636.9,4167501
20-11-2020,TCS,2655,2676,2627.55,2660.25,2711471
23-11-2020,TCS,2690,2730,2665,2724.25,3706418
24-11-2020,TCS,2734.4,2743,2705,2722.05,3120516
25-11-2020,TCS,2729,2732.95,2688.2,2701.3,3302249
26-11-2020,TCS,2686,2730.95,2680,2720.6,2341099
27-11-2020,TCS,2705,2717.7,2669.05,2679.65,6086808
01-12-2020,TCS,2679,2735.9,2624.45,2726.8,3605017
02-12-2020,TCS,2719,2754.7,2702.45,2749.55,2509032
03-12-2020,TCS,2773.9,2773.9,2700.8,2709.45,2852548
04-12-2020,TCS,2710.8,2738.85,2699,2727.55,2686527
07-12-2020,TCS,2715,2744,2706.15,2737.7,1996400
08-12-2020,TCS,2740,2805.55,2732.45,2797.3,4277818
09-12-2020,TCS,2815,2840,2793.15,2810.8,3659996
10-12-2020,TCS,2818,2827.3,2780.25,2784.3,2127801
11-12-2020,TCS,2792.7,2807.7,2764.55,2783.6,1795408
14-12-2020,TCS,2802,2804,2756.25,2797.7,2483658
15-12-2020,TCS,2786,2794.7,2755,2761.55,2365509
16-12-2020,TCS,2779,2819.8,2760.45,2814.2,2565149
17-12-2020,TCS,2811,2853.7,2805,2838.2,2863460
18-12-2020,TCS,2868,2898,2846.2,2861,6076692
21-12-2020,TCS,2861,2886.5,2785,2820.15,2705195
22-12-2020,TCS,2834,2883.65,2818.65,2872.5,2881737
23-12-2020,TCS,2876.05,2919,2865.45,2908.75,2790988
24-12-2020,TCS,2909,2921.35,2883.2,2909.35,1807144
28-12-2020,TCS,2910,2949.7,2902,2929.4,2108994
29-12-2020,TCS,2920,2952,2920,2930.5,1994151
30-12-2020,TCS,2934.4,2947.7,2902,2909.3,2637968
31-12-2020,TCS,2900,2905,2845,2862.75,4040956
01-01-2021,TCS,2880,2940,2879,2928.25,2681440
04-01-2021,TCS,2950,3050.75,2940.95,3039.45,5113293
05-01-2021,TCS,3039.6,3114.25,3039.6,3093,5801309
06-01-2021,TCS,3100,3113.5,3037.2,3051.5,3726716
07-01-2021,TCS,3075,3080.85,3000.25,3032.8,3717827
08-01-2021,TCS,3090,3128,3060,3120.9,5879039
11-01-2021,TCS,3230,3230,3146.55,3176.45,9508039
12-01-2021,TCS,3176.45,3210,3150,3174.85,3611458
13-01-2021,TCS,3175,3177,3126.25,3158.95,3572801
14-01-2021,TCS,3155,3266.5,3120.4,3250.7,6931542
15-01-2021,TCS,3235,3274,3210,3233.35,4131692
18-01-2021,TCS,3250,3256.75,3187.4,3221.75,4160906
19-01-2021,TCS,3233,3279,3232,3260.7,2975735
20-01-2021,TCS,3270,3327.95,3267.1,3308.8,3453446
21-01-2021,TCS,3305,3309.15,3262.1,3273.85,2778546
22-01-2021,TCS,3241.9,3325,3241.9,3303.1,3052459
25-01-2021,TCS,3308.95,3339.8,3278.65,3291.3,2272887
27-01-2021,TCS,3300,3306.45,3227,3261.05,2786662
28-01-2021,TCS,3230,3275,3183.8,3196.55,3083938
29-01-2021,TCS,3210.05,3216.85,3100,3111.35,5445659
01-02-2021,TCS,3100,3165,3044.1,3139.35,3985846
02-02-2021,TCS,3174,3224,3150,3203.45,2881837
03-02-2021,TCS,3213,3236,3162.65,3200.05,2505866
04-02-2021,TCS,3216.05,3237.85,3176,3188.45,2057261
05-02-2021,TCS,3198.95,3205.85,3129,3157.95,2366135
08-02-2021,TCS,3189.5,3226,3155.15,3214.1,2526592
09-02-2021,TCS,3195,3245.8,3164,3176.9,2658751
10-02-2021,TCS,3185,3219.4,3157.3,3213.3,2127983
11-02-2021,TCS,3215,3219.3,3185.05,3206,1165882
12-02-2021,TCS,3184.2,3245.5,3182,3190.8,2777404
15-02-2021,TCS,3209,3209,3131.55,3139.85,2630853
16-02-2021,TCS,3150,3167.65,3100,3108.8,3435770
17-02-2021,TCS,3105.1,3132.85,3045.55,3073.1,3678426
18-02-2021,TCS,3065,3097.9,3031,3057.35,4189909
19-02-2021,TCS,3058,3087.15,3016.15,3071.85,3725028
22-02-2021,TCS,3096,3096,2943.15,2958.45,5366696
23-02-2021,TCS,2970,3028,2968,2980.2,3832829
24-02-2021,TCS,2972,3003.35,2921.15,2948.1,3774549
25-02-2021,TCS,2974,3029.9,2968.45,2995.3,4224073
26-02-2021,TCS,2960,2972.35,2880,2894.3,5553153
01-03-2021,TCS,2926,2965,2901.8,2924.2,3265871
02-03-2021,TCS,2960,3025,2948,3006.35,3306469
03-03-2021,TCS,3035,3064,2996.9,3059.1,3509857
04-03-2021,TCS,3023,3081.45,3016.05,3049.7,3916760
05-03-2021,TCS,3016.1,3063.2,2996.6,3008.05,3203686
08-03-2021,TCS,3016,3033,2996,3006.95,2003125
09-03-2021,TCS,3006.95,3066.9,2992.1,3050.95,1942397
10-03-2021,TCS,3075,3093.2,3060,3070.95,3053778
12-03-2021,TCS,3075,3117,3041.35,3057.95,2938317
15-03-2021,TCS,3041,3099,3041,3066.15,3097140
16-03-2021,TCS,3060,3141,3060,3110.05,4894756
17-03-2021,TCS,3105,3155,3085.3,3112.95,3838390
18-03-2021,TCS,3125.95,3146.45,2987.05,3036.5,3656306
19-03-2021,TCS,3030,3099,3005,3050.2,5776626
22-03-2021,TCS,3048.7,3139.45,3018.65,3129.65,2821646
23-03-2021,TCS,3140,3169,3122.85,3142.6,3305973
24-03-2021,TCS,3111.2,3152.3,3111.15,3121.1,2207104
25-03-2021,TCS,3112.2,3130.85,3050,3064.85,3179786
26-03-2021,TCS,3090.65,3118,3043.05,3066.8,3697370
30-03-2021,TCS,3083,3188.45,3060.9,3158.55,4694261
31-03-2021,TCS,3155,3205,3132,3177.85,3530069
01-04-2021,TCS,3191.1,3215,3145,3165,4285076
05-04-2021,TCS,3171,3263,3151,3238.9,5317862
06-04-2021,TCS,3275,3275,3230,3264.7,2291562
07-04-2021,TCS,3259,3277.55,3234.8,3271.4,2491268
08-04-2021,TCS,3270,3335,3266.05,3317.35,2578118
09-04-2021,TCS,3354,3354.35,3308,3322.25,2911129
12-04-2021,TCS,3322.25,3338.1,3213.2,3246.55,3791828
13-04-2021,TCS,3214,3214,3073.05,3104.05,8654596
15-04-2021,TCS,3160.3,3237.25,3087.45,3218.95,6062760
16-04-2021,TCS,3229,3247,3182.6,3195.15,3224657
19-04-2021,TCS,3169,3189,3135.1,3161.8,2679106
20-04-2021,TCS,3225,3225.35,3126.35,3144.55,3141893
22-04-2021,TCS,3148,3148,3105.25,3118.8,1988980
23-04-2021,TCS,3105,3119,3091.05,3109.5,1615309
26-04-2021,TCS,3102.05,3153,3088.05,3100.8,2490260
27-04-2021,TCS,3106,3136.1,3103,3132,1471417
28-04-2021,TCS,3149.95,3151,3112,3124.1,1639037
29-04-2021,TCS,3145.6,3157.35,3105.5,3115.25,1621395
30-04-2021,TCS,3099,3132.05,3020,3035.65,3072305
01-01-2020,ONGC,128.75,128.9,126.85,127.45,2574894
02-01-2020,ONGC,127.65,128.65,127.1,128.05,4759843
03-01-2020,ONGC,131,133.4,128.05,128.45,31381588
06-01-2020,ONGC,129.7,129.8,125.1,126.25,14611204
07-01-2020,ONGC,125.6,127.7,125.4,125.75,7193304
08-01-2020,ONGC,125,125.45,123.2,123.45,6236192
09-01-2020,ONGC,124.95,125.1,122.8,123.7,10135017
10-01-2020,ONGC,124.45,125.2,123.7,124.15,6550218
13-01-2020,ONGC,124.25,125.7,124.25,125.45,5737187
14-01-2020,ONGC,125.45,125.65,123.8,125.05,12432511
15-01-2020,ONGC,125.05,125.5,124.25,124.65,5714614
16-01-2020,ONGC,125,125.2,124.05,124.5,7322878
17-01-2020,ONGC,124.55,125.55,124,125.4,8561603
20-01-2020,ONGC,126,126.75,120,122.9,16106541
21-01-2020,ONGC,123.05,124.5,122.4,122.75,6497799
22-01-2020,ONGC,122,122,116,116.4,23639592
23-01-2020,ONGC,117.25,118.95,116.4,117.8,21105999
24-01-2020,ONGC,118,119.8,117.3,118.35,11172364
27-01-2020,ONGC,118.35,118.5,116.8,117.25,12078165
28-01-2020,ONGC,117.55,117.7,115.6,116.6,11611352
29-01-2020,ONGC,117.35,118.15,116.45,117.65,15562740
30-01-2020,ONGC,117.55,117.55,115,115.6,21142714
31-01-2020,ONGC,115.8,116,106.75,108.95,83360147
01-02-2020,ONGC,109,109.55,102.7,104.35,31282518
03-02-2020,ONGC,104.35,104.95,101.55,103.45,18445537
04-02-2020,ONGC,104.1,106.9,103.8,106.15,16896688
05-02-2020,ONGC,106.4,107.4,105.1,106.8,11348275
06-02-2020,ONGC,106.8,107.8,106.3,107.25,10750236
07-02-2020,ONGC,107.3,109.75,106.55,109.25,21415595
10-02-2020,ONGC,109.15,109.15,105.75,106.2,32081049
11-02-2020,ONGC,107.15,107.65,106.3,106.8,20946852
12-02-2020,ONGC,107,107.8,106.5,106.7,13053367
13-02-2020,ONGC,107,108.2,104.25,105.35,17702073
14-02-2020,ONGC,105.55,106.3,103,103.3,26644685
17-02-2020,ONGC,101.5,102.9,98.8,99.95,36666416
18-02-2020,ONGC,99.95,100.25,96.55,99.3,35575369
19-02-2020,ONGC,100.3,102.2,98.8,101.7,21806183
20-02-2020,ONGC,102,104.1,101.7,102.8,28378025
24-02-2020,ONGC,102.5,102.5,97.2,98.05,20167769
25-02-2020,ONGC,98.7,100.25,97.25,97.55,18255196
26-02-2020,ONGC,97.4,98.5,95.5,95.8,16192058
27-02-2020,ONGC,95.7,96.2,92.05,93.35,29616674
28-02-2020,ONGC,90.3,92.7,89.5,91.95,30416954
02-03-2020,ONGC,94,95,88.25,89.1,24442896
03-03-2020,ONGC,90.9,94,89.65,93.35,24098468
04-03-2020,ONGC,94.2,94.9,90.7,92.8,22998427
05-03-2020,ONGC,93.35,94.4,92,92.6,16357817
06-03-2020,ONGC,89.5,91.5,87.65,88.5,17823038
09-03-2020,ONGC,82.15,82.5,74,74.55,86674325
11-03-2020,ONGC,76.75,77.4,71.05,71.7,63570122
12-03-2020,ONGC,66.6,68.4,62,62.5,76138489
13-03-2020,ONGC,59.4,67,50,65.9,73052306
16-03-2020,ONGC,63.5,65.2,60,60.15,49834392
17-03-2020,ONGC,61.1,63,59.65,60,46722526
18-03-2020,ONGC,61.6,86.8,57.5,68.15,178593486
19-03-2020,ONGC,62.15,64,58.1,61.05,61261160
20-03-2020,ONGC,63.05,74.4,62.75,72.35,128784781
23-03-2020,ONGC,60.65,65.5,60,60.4,36059063
24-03-2020,ONGC,63.5,64.7,60.1,62.5,38810910
25-03-2020,ONGC,61.2,63,60,61.55,28639667
26-03-2020,ONGC,61.85,65.6,59.65,64.75,46474998
27-03-2020,ONGC,66,66,62.8,64.45,33298960
30-03-2020,ONGC,61.05,65.65,60.1,63.35,32935523
31-03-2020,ONGC,65,69.65,63.55,68.3,45892788
01-04-2020,ONGC,67,67.25,65.1,65.75,21883464
03-04-2020,ONGC,69,71,66.5,69.85,39761221
07-04-2020,ONGC,71.2,74.4,70.2,72.9,30983247
08-04-2020,ONGC,72.4,76.35,71,74.45,30556746
09-04-2020,ONGC,76,77.65,76,77.3,19210693
13-04-2020,ONGC,78.8,78.8,72.65,75.05,22316547
15-04-2020,ONGC,75.1,76.45,73.5,74.35,22311692
16-04-2020,ONGC,74,76.5,73.4,75.45,24473642
17-04-2020,ONGC,77.8,77.8,75.15,76.3,14565447
20-04-2020,ONGC,75.35,75.65,73.8,74,15699082
21-04-2020,ONGC,69.7,70.75,67.2,69.35,27607651
22-04-2020,ONGC,65.9,66.35,60.8,65.35,73847573
23-04-2020,ONGC,67.5,69.05,66.55,67.35,38208748
24-04-2020,ONGC,67.15,69.5,66.6,67.6,31588406
27-04-2020,ONGC,68,69.5,67.65,68.45,16723890
28-04-2020,ONGC,67.8,69.7,67.1,69.2,20423140
29-04-2020,ONGC,69.4,70.95,68.7,70.5,18028576
30-04-2020,ONGC,72.6,81.05,71.5,79.9,54295139
04-05-2020,ONGC,76,77.85,74.05,76.55,28642245
05-05-2020,ONGC,78.9,81.9,78.15,78.45,61865518
06-05-2020,ONGC,81.35,81.35,77.45,79.25,38948341
07-05-2020,ONGC,78.3,78.3,75.1,75.6,20806305
08-05-2020,ONGC,76.4,77.2,74.75,76,18523906
11-05-2020,ONGC,76,78.15,74.5,77.05,15701778
12-05-2020,ONGC,76.95,77.35,74.5,76.3,14186808
13-05-2020,ONGC,79,79.05,76.25,78.2,20494837
14-05-2020,ONGC,77,77.35,75.2,76.15,13346163
15-05-2020,ONGC,77.25,78.5,75.9,76.15,16836413
18-05-2020,ONGC,76.95,76.95,72.4,72.9,13015452
19-05-2020,ONGC,74.4,78.7,74.1,77.15,42316096
20-05-2020,ONGC,77.2,78.5,76.3,78,12969876
21-05-2020,ONGC,78.75,79,76.4,77,17999916
22-05-2020,ONGC,76.95,76.95,75.4,76.15,12443833
26-05-2020,ONGC,77,78.2,76.6,77,11840048
27-05-2020,ONGC,77.2,78.2,75.9,77.95,11656180
28-05-2020,ONGC,77.5,80.95,77.4,78.85,18646208
29-05-2020,ONGC,78.05,83.75,77.4,83.2,40559737
01-06-2020,ONGC,85,86.5,83.65,83.95,25048603
02-06-2020,ONGC,84.45,84.9,82.6,84.3,15368224
03-06-2020,ONGC,86.05,87.45,85.3,86.3,23937209
04-06-2020,ONGC,85,86.05,84,84.9,15121039
05-06-2020,ONGC,85.1,88.8,85,86.95,18203733
08-06-2020,ONGC,90,93.1,89.2,90.95,32511412
09-06-2020,ONGC,91.95,92.4,89.35,90,16702416
10-06-2020,ONGC,90.6,91.5,87.7,88.25,17382524
11-06-2020,ONGC,88.3,89.55,86.5,86.9,14276814
12-06-2020,ONGC,81.55,84.2,81.55,83.9,20601082
15-06-2020,ONGC,84,85.9,83,84.1,17275091
16-06-2020,ONGC,85.5,85.75,82.35,83.9,13467650
17-06-2020,ONGC,83.6,84.75,83.2,84.2,15440386
18-06-2020,ONGC,83,83.95,81.8,83.6,18460702
19-06-2020,ONGC,85.5,86.3,84.3,85.75,21920952
22-06-2020,ONGC,86.1,86.2,84.1,84.85,19229487
23-06-2020,ONGC,85.5,86.5,84.4,85.65,23442659
24-06-2020,ONGC,86.25,86.65,82.55,83.1,33082696
25-06-2020,ONGC,82.25,84,80,81.6,121278403
26-06-2020,ONGC,83.1,84.8,82.5,84.15,23684918
29-06-2020,ONGC,83.95,84.1,81.6,82.4,14299404
30-06-2020,ONGC,83.5,83.55,80.65,81.35,25762628
01-07-2020,ONGC,79,80.95,78.3,80.45,35344809
02-07-2020,ONGC,81.35,84.15,81.1,81.85,35154233
03-07-2020,ONGC,82.45,83.35,81.6,82.4,16793161
06-07-2020,ONGC,83.05,84.9,82.8,83.75,17511379
07-07-2020,ONGC,83.75,83.8,81.8,81.95,20124675
08-07-2020,ONGC,82,82.9,81,81.3,18626982
09-07-2020,ONGC,81.6,82.25,79.9,80.2,17348338
10-07-2020,ONGC,80,80.15,77.7,78.55,17773267
13-07-2020,ONGC,79.2,79.55,78.4,78.9,9361006
14-07-2020,ONGC,78.5,78.95,77.15,77.35,9303884
15-07-2020,ONGC,78,78.2,75.85,76.25,14377120
16-07-2020,ONGC,76.4,76.7,75,76.15,10605125
17-07-2020,ONGC,76.3,80.65,76.3,80.35,24934073
20-07-2020,ONGC,81,81.25,79.2,80.3,15570377
21-07-2020,ONGC,80.6,82.9,80.35,82.45,20976714
22-07-2020,ONGC,82.75,83.5,81.7,82.6,17884327
23-07-2020,ONGC,82.5,83.85,82.05,82.65,14674735
24-07-2020,ONGC,82.1,82.4,80.25,81,10000517
27-07-2020,ONGC,81.4,82,80.1,80.8,8511120
28-07-2020,ONGC,81,81.25,79.3,79.9,10618186
29-07-2020,ONGC,79.8,80.7,79.3,79.5,9906214
30-07-2020,ONGC,80,80.4,77.5,77.7,9671441
31-07-2020,ONGC,77.95,78.85,77.15,78.3,10965340
03-08-2020,ONGC,78.35,78.5,75.55,75.9,11874519
04-08-2020,ONGC,76.3,77.7,75.9,76.1,13370396
05-08-2020,ONGC,76.5,77.5,76.3,76.95,9078922
06-08-2020,ONGC,77.85,79.95,77.05,78.05,26386804
07-08-2020,ONGC,78.15,79.4,78.1,78.65,11787233
10-08-2020,ONGC,79.5,79.75,78.9,79.05,7067873
11-08-2020,ONGC,79.55,80,78.2,78.45,10835770
12-08-2020,ONGC,78.45,79.1,77.7,78.1,10482298
13-08-2020,ONGC,78.55,79.45,78.4,78.6,7316685
14-08-2020,ONGC,78.7,78.95,76.95,77.1,11637195
17-08-2020,ONGC,77.5,79.8,77.4,79.3,13612342
18-08-2020,ONGC,79.75,81.9,79.15,80.65,28330266
19-08-2020,ONGC,80.85,81.7,79.1,79.55,12081506
20-08-2020,ONGC,79,83.25,77.9,82.15,37457741
21-08-2020,ONGC,82.95,83.45,80.65,81.05,17027759
24-08-2020,ONGC,81.3,81.85,80.6,81.25,9798867
25-08-2020,ONGC,81.4,82.5,80.2,80.5,22481154
26-08-2020,ONGC,81.2,82.1,80.75,81.4,15968479
27-08-2020,ONGC,81.8,81.95,80,80.15,16309200
28-08-2020,ONGC,80.35,81.8,80,80.35,14667141
31-08-2020,ONGC,81,85.5,80.9,81.95,93193563
01-09-2020,ONGC,82.75,82.8,78,79.35,38005572
02-09-2020,ONGC,81.15,81.75,79.5,80.3,31155170
03-09-2020,ONGC,80.5,81.3,78.8,79.05,19976183
04-09-2020,ONGC,78.55,79.1,77.35,77.9,12855872
07-09-2020,ONGC,78.2,78.35,75.95,76.45,16574103
08-09-2020,ONGC,76.55,76.65,74,74.45,17905760
09-09-2020,ONGC,73.95,73.95,70.9,72.7,28166431
10-09-2020,ONGC,73.5,74.4,72.65,73.65,18646453
11-09-2020,ONGC,73.45,73.7,72.6,73.3,11511957
14-09-2020,ONGC,73.85,74.75,73.25,73.65,11990117
15-09-2020,ONGC,73.75,74.35,73.25,73.8,8883209
16-09-2020,ONGC,74.25,74.45,72.55,73.05,10285753
17-09-2020,ONGC,73.05,74.3,72.85,73.15,16070908
18-09-2020,ONGC,73.8,74.8,72.95,74.3,25692290
21-09-2020,ONGC,74,74.1,70.9,71.15,13686791
22-09-2020,ONGC,71,71.3,68.75,69.5,18043170
23-09-2020,ONGC,69.7,70.15,67.4,67.65,17014241
24-09-2020,ONGC,66.05,67.35,65.5,66.65,32950980
25-09-2020,ONGC,68,69.25,66.15,68.9,20235948
28-09-2020,ONGC,69.45,73.7,69.25,71.85,28336618
29-09-2020,ONGC,72.5,72.7,68.9,69.15,20798564
30-09-2020,ONGC,69.4,70.45,67.6,69.25,20069463
01-10-2020,ONGC,67.5,69.4,66.65,69.15,20869336
05-10-2020,ONGC,69,69.7,68.4,69.2,12608190
06-10-2020,ONGC,70,70.2,69,69.35,10028722
07-10-2020,ONGC,69.3,73.35,69.1,70.5,50074521
08-10-2020,ONGC,70.9,71,68.25,68.45,21348290
09-10-2020,ONGC,69,70.6,68.25,70.3,25747434
12-10-2020,ONGC,70.3,70.6,68.8,69.15,10564969
13-10-2020,ONGC,69.1,69.75,68.8,69.1,9070869
14-10-2020,ONGC,68.5,68.8,66.65,67,24828155
15-10-2020,ONGC,67,68.5,65.7,66.05,17334497
16-10-2020,ONGC,66.65,67.55,66,67.25,18591533
19-10-2020,ONGC,67.35,70.45,67.35,69.3,25987839
20-10-2020,ONGC,69.5,69.75,67.25,67.4,18530440
21-10-2020,ONGC,68,68.6,67,67.8,19590729
22-10-2020,ONGC,67.4,69.1,67.3,68.85,26356513
23-10-2020,ONGC,69.2,69.6,68.6,69,13180165
26-10-2020,ONGC,69.5,69.5,67.65,68.2,14225064
27-10-2020,ONGC,68.1,68.45,66.5,66.85,17088935
28-10-2020,ONGC,67.25,67.4,66.1,66.35,15025734
29-10-2020,ONGC,66.05,66.35,64.1,64.4,29901827
30-10-2020,ONGC,65,65.9,64.2,64.9,25857851
02-11-2020,ONGC,65.4,66.05,64.2,65.7,12847852
03-11-2020,ONGC,66,66.75,65.7,66.3,10809489
04-11-2020,ONGC,66.3,66.9,65.6,66.45,12479581
05-11-2020,ONGC,66.9,68.1,66.2,67.6,17947631
06-11-2020,ONGC,67.7,68.2,67.2,68,10496588
09-11-2020,ONGC,68.65,68.65,67.8,68.45,8473527
10-11-2020,ONGC,69.05,71,68.5,70.75,33795453
11-11-2020,ONGC,71.45,72.7,70.55,72.35,23531793
12-11-2020,ONGC,72.5,72.9,70.75,71.55,16446681
13-11-2020,ONGC,71.2,72.5,70.05,72.15,16264536
14-11-2020,ONGC,74,74,72.5,72.65,5387569
17-11-2020,ONGC,72.7,73.3,71,71.3,18852045
18-11-2020,ONGC,71.65,72.1,70.9,71.95,14032869
19-11-2020,ONGC,71.5,74.2,71.45,72.15,27903903
20-11-2020,ONGC,72.45,72.7,70.7,71.65,14790440
23-11-2020,ONGC,72,77.8,71.8,76.5,44111534
24-11-2020,ONGC,76.75,78.05,75.4,76.1,31379070
25-11-2020,ONGC,77.2,81.8,77.15,80.8,87040163
26-11-2020,ONGC,81.15,81.5,79.45,80.2,30469713
27-11-2020,ONGC,80.8,81.15,78,78.5,44245938
01-12-2020,ONGC,78.5,82,77.05,81.55,42923229
02-12-2020,ONGC,81.5,85.05,80.95,84.85,52652362
03-12-2020,ONGC,85.4,89,85,88.7,53618786
04-12-2020,ONGC,89.75,91,87.25,89.85,44126894
07-12-2020,ONGC,91.15,94,90.75,91.55,46638129
08-12-2020,ONGC,93,93.45,90.05,90.75,34326971
09-12-2020,ONGC,91.5,92.85,90.9,91.2,25763702
10-12-2020,ONGC,91,92.2,88.7,91.65,25329334
11-12-2020,ONGC,92.6,104.4,92.6,96.8,146821189
14-12-2020,ONGC,98.25,102.55,97.45,101.5,75021883
15-12-2020,ONGC,102.5,102.5,99.2,100.45,33553433
16-12-2020,ONGC,101.9,103.6,100.65,102.9,34618175
17-12-2020,ONGC,105.1,105.6,100.7,101.5,41881430
18-12-2020,ONGC,101.5,102.3,98.15,99,36480527
21-12-2020,ONGC,98.9,98.95,88.95,89.85,58724337
22-12-2020,ONGC,89.05,92.3,86.6,90.55,58602960
23-12-2020,ONGC,90.5,91.3,88.3,90.8,29216106
24-12-2020,ONGC,92.5,95.5,92.15,93.15,46351620
28-12-2020,ONGC,94,95.15,93.3,93.8,17759262
29-12-2020,ONGC,94.2,94.65,92,93.15,17678810
30-12-2020,ONGC,93.5,94.5,92.75,93.25,15960705
31-12-2020,ONGC,93.3,95.55,92.55,93.05,43701316
01-01-2021,ONGC,93.75,94.45,93,93.2,15130377
04-01-2021,ONGC,94.05,97.3,93.7,96.95,39545073
05-01-2021,ONGC,96.5,96.5,94.35,94.95,26998014
06-01-2021,ONGC,98.9,99.3,96.25,96.95,50306161
07-01-2021,ONGC,98,99.05,97.1,97.9,25285200
08-01-2021,ONGC,98.95,101.3,98.55,100.65,36022114
11-01-2021,ONGC,101.5,102.9,98.05,102.55,36301647
12-01-2021,ONGC,102,104.5,100.75,103.45,28353142
13-01-2021,ONGC,104.95,107.9,104.1,105.25,42401579
14-01-2021,ONGC,107,107.45,104.2,105.05,24455634
15-01-2021,ONGC,105.25,106.1,100.65,101.4,28185982
18-01-2021,ONGC,101.4,101.85,96.05,96.65,33623461
19-01-2021,ONGC,97.75,99,97.5,98.1,26085121
20-01-2021,ONGC,99,99.8,97.85,98.85,18486566
21-01-2021,ONGC,99.05,100.2,93.9,94.7,26939349
22-01-2021,ONGC,94.6,95.45,92.5,92.75,27311961
25-01-2021,ONGC,93.05,93.75,90,91.35,28522112
27-01-2021,ONGC,91.4,91.75,88.9,89.7,34022621
28-01-2021,ONGC,89,91.4,88.8,90.65,26810222
29-01-2021,ONGC,90.75,92.95,87.75,88.3,33858273
01-02-2021,ONGC,89,91.2,88.45,90.85,24228098
02-02-2021,ONGC,92.5,93.95,91.2,92.85,22141489
03-02-2021,ONGC,94.6,95.3,93,93.35,25912911
04-02-2021,ONGC,94.25,98.6,94,97.65,49670027
05-02-2021,ONGC,98.95,99.95,96.8,97.65,30514219
08-02-2021,ONGC,99.5,100.8,99.1,99.65,29096831
09-02-2021,ONGC,99.8,103.35,99.8,101,39638657
10-02-2021,ONGC,102,102.5,98.6,100,21467230
11-02-2021,ONGC,100,100.35,98.9,99.45,11287104
12-02-2021,ONGC,98.9,99.4,96.55,97,18187705
15-02-2021,ONGC,97,99.25,95.6,98.45,26118576
16-02-2021,ONGC,99.25,104.85,99.25,103.75,76236798
17-02-2021,ONGC,102,103.5,100.8,102.25,21014091
18-02-2021,ONGC,103.7,115.5,103.35,110.7,110000964
19-02-2021,ONGC,110.7,112.2,103.85,105.1,48225988
22-02-2021,ONGC,105.9,108.55,105.3,106.3,36592043
23-02-2021,ONGC,109.75,114.4,109.45,112.2,90860972
24-02-2021,ONGC,114,115.35,111,113.6,26071364
25-02-2021,ONGC,116,120.5,115.35,119.05,62038881
26-02-2021,ONGC,115.5,118.4,110.05,111,55154985
01-03-2021,ONGC,114.3,117.65,113.5,117.05,41672980
02-03-2021,ONGC,115.9,116.65,112.75,113.5,36303917
03-03-2021,ONGC,114.05,115.8,113.2,114,19434630
04-03-2021,ONGC,113.95,117,112.3,112.7,38272786
05-03-2021,ONGC,116.25,118.25,113.5,114.95,57756103
08-03-2021,ONGC,118.95,122.35,117.2,118.25,63866178
09-03-2021,ONGC,119.4,119.55,114.2,116.75,26817643
10-03-2021,ONGC,116.9,117,113.6,114.4,23841269
12-03-2021,ONGC,116.75,117.4,114,115.05,20691698
15-03-2021,ONGC,116,116.85,112.8,114.35,19679958
16-03-2021,ONGC,113.8,116.3,113.45,115.1,20680669
17-03-2021,ONGC,114.8,114.85,108.75,109.35,31017863
18-03-2021,ONGC,110,112.2,107.5,110.2,26710696
19-03-2021,ONGC,106.25,113.25,104.45,110.5,50386785
22-03-2021,ONGC,110.5,111.25,108.55,109.6,15825065
23-03-2021,ONGC,109.6,110.3,106.6,107.15,15815643
24-03-2021,ONGC,105,106,102.85,104.8,31083656
25-03-2021,ONGC,106,107.7,101.3,102,37295495
26-03-2021,ONGC,103,104,100.25,102.4,26637085
30-03-2021,ONGC,104.05,106.3,102.6,103.5,31843605
31-03-2021,ONGC,102.8,104.2,101.9,102.15,19587582
01-04-2021,ONGC,103,105.25,101.15,104.35,22299747
05-04-2021,ONGC,102.15,104.5,99.4,103.45,24878516
06-04-2021,ONGC,102.65,104.4,101.3,103.95,15156974
07-04-2021,ONGC,103.9,105.35,103.45,104.65,10330347
08-04-2021,ONGC,103.8,105.7,103.3,103.6,26105970
09-04-2021,ONGC,103,104.9,103,103.8,17645822
12-04-2021,ONGC,100.85,102.25,97.45,98.05,27005598
13-04-2021,ONGC,98.05,102.5,98.05,102.05,25505623
15-04-2021,ONGC,104.25,106.75,103.8,105.1,28659714
16-04-2021,ONGC,104.6,107.85,104.2,107.3,21627285
19-04-2021,ONGC,103.95,105.95,101.9,103.05,19166492
20-04-2021,ONGC,103.3,105,102.2,102.85,23082015
22-04-2021,ONGC,102.4,104.45,101.65,103.1,14844968
23-04-2021,ONGC,102,103.65,101.6,102.4,12790334
26-04-2021,ONGC,105.25,105.7,102.5,102.8,11797791
27-04-2021,ONGC,102.8,104,102.8,103.2,8886250
28-04-2021,ONGC,103.75,104.4,103.3,103.9,6887787
29-04-2021,ONGC,104.9,105.9,103.55,104.05,14990087
30-04-2021,ONGC,104.15,112.7,103.3,108.15,81358264
01-01-2020,ITC,238.6,238.6,237.1,238.1,4208837
02-01-2020,ITC,238.2,240.95,238.1,239.85,8402979
03-01-2020,ITC,241,241,238,238.5,9284478
06-01-2020,ITC,237.5,238.3,235,235.1,7636617
07-01-2020,ITC,236.05,237.9,234.6,235.35,8416741
08-01-2020,ITC,234,235.8,233.25,234.2,7043211
09-01-2020,ITC,235.6,236.6,235.05,235.8,9452653
10-01-2020,ITC,237.6,238.75,236.8,238,9973746
13-01-2020,ITC,238.5,240.5,238.25,239.25,12243639
14-01-2020,ITC,240.25,243.8,238.3,243.25,11843444
15-01-2020,ITC,242.55,243,241.1,242.4,5476729
16-01-2020,ITC,242.5,243.9,240.1,240.75,9369668
17-01-2020,ITC,240.75,242.1,239.4,239.95,7392403
20-01-2020,ITC,240.05,243.25,240.05,241.9,8020816
21-01-2020,ITC,241.45,241.45,238,238.45,9571070
22-01-2020,ITC,239.6,239.6,237.1,238.05,7654918
23-01-2020,ITC,238.1,238.75,236.9,237.9,6120434
24-01-2020,ITC,237.4,239.1,237,238.15,6801874
27-01-2020,ITC,237,237.4,234.3,234.6,6837613
28-01-2020,ITC,234.75,235.9,230.5,230.75,14582907
29-01-2020,ITC,231.5,237.65,231.15,236.65,20469708
30-01-2020,ITC,236.95,237,233,234.05,10394149
31-01-2020,ITC,235.75,238.4,234.05,235.15,18455880
01-02-2020,ITC,236.9,239.25,215.5,219,42268141
03-02-2020,ITC,215,216.9,205,207.6,79764370
04-02-2020,ITC,210.8,217.6,209.15,215.65,35767812
05-02-2020,ITC,216.3,217.5,211.5,216.45,21253607
06-02-2020,ITC,218,219.9,211.8,213.55,27388582
07-02-2020,ITC,213.8,215.7,212.75,213.4,17133407
10-02-2020,ITC,214,214.05,210.05,210.55,9617387
11-02-2020,ITC,216.5,216.95,211.8,212.6,29803784
12-02-2020,ITC,213.4,214.8,211.8,213.05,9928416
13-02-2020,ITC,213.05,213.45,211.2,211.9,9153131
14-02-2020,ITC,212.25,212.9,206.8,207.7,13731692
17-02-2020,ITC,208,208.65,204,204.8,15561953
18-02-2020,ITC,204.55,204.6,200.5,203.85,20934864
19-02-2020,ITC,205.25,207.15,203.85,206.7,9054560
20-02-2020,ITC,207,208.55,205.45,207.45,15592846
24-02-2020,ITC,207,207.45,201.8,203,16594046
25-02-2020,ITC,203.8,205.4,201.5,201.8,15313516
26-02-2020,ITC,200.65,201.95,196.3,198.6,17869240
27-02-2020,ITC,198.4,199.15,195.9,197.55,17271066
28-02-2020,ITC,195,199.9,192.05,197.55,32628444
02-03-2020,ITC,199.5,203.45,193.65,195.3,18560049
03-03-2020,ITC,197,197.45,192.55,193.85,17947416
04-03-2020,ITC,194.95,195.55,186.55,187.5,27664076
05-03-2020,ITC,187.55,191.2,186.55,188.05,20025924
06-03-2020,ITC,184.85,184.85,179.75,181.75,26764504
09-03-2020,ITC,179,179,174.5,177.2,21795899
11-03-2020,ITC,174,176.75,172.35,175.65,27957737
12-03-2020,ITC,169,169.15,150.55,155.8,52040944
13-03-2020,ITC,150,164,134.6,162.25,61592332
16-03-2020,ITC,158,158.1,145.25,147.25,33255085
17-03-2020,ITC,148,155.8,146.05,149.15,47658462
18-03-2020,ITC,152.1,154.65,147.35,150.7,50248786
19-03-2020,ITC,150.7,163.55,144.75,161.85,89753683
20-03-2020,ITC,165.1,176.5,165.1,175.5,61997991
23-03-2020,ITC,158,162,149.2,154.3,51354135
24-03-2020,ITC,162.95,163.7,147.4,149.7,52569242
25-03-2020,ITC,151,152,139,147.35,62506221
26-03-2020,ITC,150,159.4,143.25,156.4,58443502
27-03-2020,ITC,162,166,155,163.2,32636891
30-03-2020,ITC,156.05,164.9,156.05,159.2,28120394
31-03-2020,ITC,164,173.85,161.55,171.7,42630922
01-04-2020,ITC,171.7,172.75,164.55,166.4,18142049
03-04-2020,ITC,167.9,182.75,167,177.9,62868085
07-04-2020,ITC,185.7,185.7,173.65,181.55,36119016
08-04-2020,ITC,180.85,184,176.65,178.65,37561322
09-04-2020,ITC,184,186.25,180,185.25,42643743
13-04-2020,ITC,184.5,186.65,181.05,181.6,17744825
15-04-2020,ITC,184.05,193.75,182.7,189.35,49092959
16-04-2020,ITC,189.65,191.2,185.45,186.35,27082646
17-04-2020,ITC,190.45,191.4,186.95,188.1,26669272
20-04-2020,ITC,189.95,189.95,179.5,180.7,35767070
21-04-2020,ITC,178,184.3,176.05,179.6,23334550
22-04-2020,ITC,179,183.55,176,182.25,25164099
23-04-2020,ITC,182.95,184,179.65,180.55,32968241
24-04-2020,ITC,181,182.8,179.3,180.05,18050148
27-04-2020,ITC,180.25,182.3,179.3,179.85,13086773
28-04-2020,ITC,180,180.8,178.05,179.45,17802711
29-04-2020,ITC,180.5,182.9,179.65,182.15,21461158
30-04-2020,ITC,184.9,184.9,180.45,182.05,30169126
04-05-2020,ITC,181.75,181.75,170.65,174.05,30298058
05-05-2020,ITC,175,177.45,172,173.9,17709577
06-05-2020,ITC,171.4,171.4,160.5,163.9,65586753
07-05-2020,ITC,164,165.85,160.5,161,24249898
08-05-2020,ITC,163.95,164.15,157.1,158.25,25307551
11-05-2020,ITC,160,163.5,158,158.45,18095693
12-05-2020,ITC,158.45,165.9,157.5,165.05,21387983
13-05-2020,ITC,173.4,173.6,164.5,165.4,20018552
14-05-2020,ITC,164.5,168.25,161.95,163.8,14949993
15-05-2020,ITC,162.2,165.5,161.15,164.65,14950688
18-05-2020,ITC,166,167.3,163.15,164.75,20802365
19-05-2020,ITC,166.5,171.65,165.1,170.75,20142194
20-05-2020,ITC,171.95,177,171,175.75,25320952
21-05-2020,ITC,175.6,190.45,172.65,188.95,58382988
22-05-2020,ITC,188,191.9,184.6,186.35,39013806
26-05-2020,ITC,190,194.95,187.8,191.7,53235758
27-05-2020,ITC,192.5,193.9,186.9,192.15,24546312
28-05-2020,ITC,192.3,192.9,189,190.65,24579385
29-05-2020,ITC,190.45,198,189,197.35,35836696
01-06-2020,ITC,201,205.25,199,200.55,28509025
02-06-2020,ITC,201.9,201.9,196.7,197.25,22631743
03-06-2020,ITC,200,200.9,195.6,196.7,18979339
04-06-2020,ITC,197.75,202.5,195,200.15,21999875
05-06-2020,ITC,201.8,202,198.65,200,14632889
08-06-2020,ITC,202.9,203.65,197,197.65,19555380
09-06-2020,ITC,198.25,206.2,197.65,198.5,39914936
10-06-2020,ITC,199.45,203.15,198.3,199.05,27204677
11-06-2020,ITC,200,201.25,193.6,194.25,19847762
12-06-2020,ITC,188.95,195.2,187.85,193.9,22562987
15-06-2020,ITC,193.9,193.95,186.3,187.2,24463651
16-06-2020,ITC,190.8,190.95,181.9,185,27637395
17-06-2020,ITC,184,185,180.7,181.2,24028372
18-06-2020,ITC,181.2,187.5,180.7,186.6,28887658
19-06-2020,ITC,187.1,187.95,183.6,184.05,30531484
22-06-2020,ITC,186.5,187.5,183.15,185,31396392
23-06-2020,ITC,185.4,187.5,184.75,185.85,26547403
24-06-2020,ITC,187.4,194.7,186.15,191.85,54653037
25-06-2020,ITC,192.25,203.5,191.65,202.1,75575878
26-06-2020,ITC,206,209.4,193.3,195.2,71957460
29-06-2020,ITC,202.5,203,196.2,197.25,91504651
30-06-2020,ITC,199.4,199.4,194,194.65,41216021
01-07-2020,ITC,194.65,203.85,194.65,202.9,44298379
02-07-2020,ITC,204.45,206.75,202.55,205.85,39321517
03-07-2020,ITC,208,208.5,206,207.55,37896333
06-07-2020,ITC,200.35,201.95,198.95,199.8,34710608
07-07-2020,ITC,200,200.5,194,194.25,31282844
08-07-2020,ITC,194.25,197.95,194.25,196.3,21276389
09-07-2020,ITC,196.9,197,194.15,195.45,18769881
10-07-2020,ITC,195.15,196.5,194,194.35,16192017
13-07-2020,ITC,195.9,198.75,195.1,197.55,20298006
14-07-2020,ITC,197.4,199.5,192.75,195.9,18476313
15-07-2020,ITC,196.35,200,194.5,198.7,23777901
16-07-2020,ITC,198.7,198.85,192,193.85,22144753
17-07-2020,ITC,193.3,195.4,193,194.05,14882855
20-07-2020,ITC,195,195.35,192.35,192.7,18918931
21-07-2020,ITC,192.1,194.2,191.5,192.25,28010738
22-07-2020,ITC,193,197.9,192.5,196.55,32572721
23-07-2020,ITC,197.65,201.5,196.8,200.7,31488140
24-07-2020,ITC,201,201.7,197.3,199.6,60185503
27-07-2020,ITC,200.5,200.5,195.15,196.4,22645709
28-07-2020,ITC,197,198.65,195.05,195.4,19287262
29-07-2020,ITC,193.45,198.2,193.4,196.7,14831635
30-07-2020,ITC,198.4,198.4,192.5,193.35,16315232
31-07-2020,ITC,193.5,196.95,193.5,194.15,16653836
03-08-2020,ITC,194,194,191.9,192.6,13265435
04-08-2020,ITC,192.6,195.8,192.6,193.65,17189317
05-08-2020,ITC,194.5,194.6,191.7,192.8,48768468
06-08-2020,ITC,194.2,195.6,193.1,195.35,17886231
07-08-2020,ITC,195.5,197,194.15,196.05,20913956
10-08-2020,ITC,196.4,199.65,196.4,198.85,16474715
11-08-2020,ITC,200,207.7,200,203.05,55143098
12-08-2020,ITC,202.5,204.9,200.4,204.2,21287300
13-08-2020,ITC,203.5,204.2,197.1,201.45,22698994
14-08-2020,ITC,201.6,203.35,195.5,196.4,28752399
17-08-2020,ITC,198.05,199.5,196.85,198.75,11741074
18-08-2020,ITC,199.9,199.9,197.25,198.55,12488479
19-08-2020,ITC,198.6,201.7,198.1,198.45,15474846
20-08-2020,ITC,197,197.2,194.55,195.8,16910657
21-08-2020,ITC,198,199.2,196.3,196.8,17234086
24-08-2020,ITC,197.25,199,196.35,196.7,14737758
25-08-2020,ITC,197.25,198.3,195.1,195.4,15199285
26-08-2020,ITC,196.5,196.55,193.65,194.95,22631585
27-08-2020,ITC,198.5,198.9,193.9,194.25,47213462
28-08-2020,ITC,194.6,196.3,194.05,195.55,34645794
31-08-2020,ITC,199,199,190,191.1,96998374
01-09-2020,ITC,191.1,192.35,188.25,190.2,39779316
02-09-2020,ITC,191.3,193,189.65,191.35,20585664
03-09-2020,ITC,191.4,193.25,190,191.6,15692484
04-09-2020,ITC,190,190,185.7,186.7,41389121
07-09-2020,ITC,187.25,190.5,180.8,189.1,32663990
08-09-2020,ITC,189.6,190.55,184.6,188.15,25591395
09-09-2020,ITC,185.5,186.25,182.3,183.8,27830197
10-09-2020,ITC,184.1,185.7,183.2,184.9,17785076
11-09-2020,ITC,184.9,186.5,182.75,183.95,19256801
14-09-2020,ITC,185.8,185.85,183,183.35,30993032
15-09-2020,ITC,184,184.2,180.8,181.8,30772104
16-09-2020,ITC,181.85,183.5,180.05,180.65,50645681
17-09-2020,ITC,180.8,181.5,177.8,178.6,33936149
18-09-2020,ITC,179.55,179.85,177,179.1,29783208
21-09-2020,ITC,180,180.6,175.05,175.75,23892510
22-09-2020,ITC,175.75,176.75,173.75,174.2,18532637
23-09-2020,ITC,174.95,177.55,171.7,172.5,61785758
24-09-2020,ITC,171.7,171.75,166.15,166.55,31486886
25-09-2020,ITC,168.9,171.2,167,170.75,26627778
28-09-2020,ITC,171,174.8,170.5,173.3,23194739
29-09-2020,ITC,174.75,174.75,169,169.4,25617617
30-09-2020,ITC,170,172.1,168.7,171.7,18482053
01-10-2020,ITC,174.5,174.6,170.1,170.85,19758300
05-10-2020,ITC,171.1,172.8,168.75,169.25,24301177
06-10-2020,ITC,169.5,171.6,168.1,169.9,21886300
07-10-2020,ITC,170,170.9,169,169.5,16286695
08-10-2020,ITC,170.1,170.4,166.9,167.15,25503975
09-10-2020,ITC,167.5,168.9,166.35,167.85,22373477
12-10-2020,ITC,170.5,175.2,170,172.2,66250654
13-10-2020,ITC,172.85,174.85,169.5,170.15,35685353
14-10-2020,ITC,170.55,171,167.05,167.8,38219096
15-10-2020,ITC,167.7,167.8,164.55,165.05,27116959
16-10-2020,ITC,165.5,166.8,163.8,165.7,20227113
19-10-2020,ITC,166.8,168.9,166.15,168.25,19016841
20-10-2020,ITC,168,168.3,166.7,167.45,16149041
21-10-2020,ITC,168.15,168.9,166.6,167.65,16479194
22-10-2020,ITC,167.55,169.1,167,168.55,22044453
23-10-2020,ITC,168.95,171,167.75,170.75,20147370
26-10-2020,ITC,171.5,171.6,168.25,168.55,16081502
27-10-2020,ITC,168.5,169.3,166.75,167.2,45885935
28-10-2020,ITC,168.5,168.5,165,165.5,16820839
29-10-2020,ITC,165,165.95,163.45,163.85,21008755
30-10-2020,ITC,164,166.8,163.35,165.25,16347510
02-11-2020,ITC,166.8,167.2,164.45,166.75,14370649
03-11-2020,ITC,167.2,170.75,167.1,170.1,22602903
04-11-2020,ITC,170.05,171.8,168.2,169.8,18808819
05-11-2020,ITC,171.25,175,170.2,174.75,26997641
06-11-2020,ITC,176.5,177.2,173.4,173.95,34252005
09-11-2020,ITC,173.95,177.3,171.85,172.8,35286484
10-11-2020,ITC,175,179.55,171.85,178.35,57459436
11-11-2020,ITC,179.6,185.9,178.6,185.3,63318644
12-11-2020,ITC,185.2,188.75,183.85,188,46367792
13-11-2020,ITC,187.2,188.8,185.55,187.1,28198725
14-11-2020,ITC,189.05,190,188.05,188.6,7767144
17-11-2020,ITC,189,189.4,186.4,187.35,20950589
18-11-2020,ITC,186.8,188.45,182.75,184.05,26595992
19-11-2020,ITC,182.8,191.8,182.7,187.9,48984610
20-11-2020,ITC,188.8,192,186.05,191.7,45307312
23-11-2020,ITC,192,192.5,188.65,190.85,23180456
24-11-2020,ITC,190.6,196.45,190.6,195.55,45411815
25-11-2020,ITC,196,197.95,192.5,193.85,41659179
26-11-2020,ITC,195.1,195.85,192.55,194.8,24222956
27-11-2020,ITC,194.45,195.75,193.2,193.65,31385396
01-12-2020,ITC,195,196.35,192.4,194.4,15893346
02-12-2020,ITC,195,198.75,193.55,195.95,28425948
03-12-2020,ITC,197.2,197.2,194.55,196.2,28009042
04-12-2020,ITC,196.85,199.35,196.5,198.2,22152332
07-12-2020,ITC,198.2,203.75,197.6,203.15,35693450
08-12-2020,ITC,203.9,204.7,199.55,202.45,30853963
09-12-2020,ITC,205,207.8,204.65,205.4,39684395
10-12-2020,ITC,206.65,213.65,203.15,212.7,65227495
11-12-2020,ITC,214.45,217.95,213.35,216.3,60322445
14-12-2020,ITC,217.95,218.6,215,215.9,26990063
15-12-2020,ITC,215.25,216.4,211.6,213.55,23255609
16-12-2020,ITC,213.75,215.55,213.5,214,19551630
17-12-2020,ITC,214.2,215.1,211.25,213.05,22386185
18-12-2020,ITC,213.1,215.95,209.75,214.5,23775053
21-12-2020,ITC,214.5,214.7,199.15,202.95,41834797
22-12-2020,ITC,203.1,206.25,196.9,203.4,40986353
23-12-2020,ITC,203,208.25,202,207.75,23695667
24-12-2020,ITC,210,210.65,205.6,208.6,22768284
28-12-2020,ITC,209,210.2,207.85,209.5,15741000
29-12-2020,ITC,210.5,213.5,210.1,211.55,26546469
30-12-2020,ITC,212.7,213.5,209.55,211.15,18925262
31-12-2020,ITC,210.55,211.3,208.55,209,18245270
01-01-2021,ITC,209.9,214.2,209.3,213.85,19527333
04-01-2021,ITC,214,216,212.1,213.4,26891799
05-01-2021,ITC,212.45,213.25,210.6,211.45,18024083
06-01-2021,ITC,211.45,211.5,204.5,205.4,49067837
07-01-2021,ITC,206.1,207.6,202.1,202.8,34952401
08-01-2021,ITC,204.35,206,200.25,201.5,56427360
11-01-2021,ITC,204,206.1,201.25,202.5,42970983
12-01-2021,ITC,203,206.9,201.6,206.45,35617404
13-01-2021,ITC,207.45,213,205.25,211.25,63925996
14-01-2021,ITC,212,216.5,211.6,214.15,48304263
15-01-2021,ITC,214.9,218.5,211.2,217.85,58321158
18-01-2021,ITC,218.4,222,214.6,219.75,67607822
19-01-2021,ITC,221,221.7,217.5,218.85,31785089
20-01-2021,ITC,218.5,219,215.7,217.65,44672447
21-01-2021,ITC,219,219.5,212.2,213.7,28999164
22-01-2021,ITC,214,214.75,209.15,210.7,24712182
25-01-2021,ITC,212,212.5,206.85,207.8,24967899
27-01-2021,ITC,208,212.65,207.1,210.65,48471357
28-01-2021,ITC,209.25,211,205.75,206.6,22131983
29-01-2021,ITC,208.55,208.8,202.35,203.25,23764654
01-02-2021,ITC,204,217.95,201.8,215.95,57744414
02-02-2021,ITC,220,223.5,217,218.2,48457781
03-02-2021,ITC,221.5,222,215.7,216.75,53643263
04-02-2021,ITC,216.1,231.4,216,229.95,105818897
05-02-2021,ITC,232.15,238.85,227.25,234.35,125490301
08-02-2021,ITC,237.5,238.05,231.5,233.1,41495834
09-02-2021,ITC,234.6,239.2,228.2,229,70655961
10-02-2021,ITC,229,231.1,223.1,227.55,47283127
11-02-2021,ITC,229,229.3,224.5,226.45,43631374
12-02-2021,ITC,225.75,225.75,215.8,217.45,110568108
15-02-2021,ITC,218.45,221,217.5,218.6,31776555
16-02-2021,ITC,219.05,221.8,217.25,218.25,29148891
17-02-2021,ITC,217.6,218.4,216.55,217.75,19850516
18-02-2021,ITC,218.2,220.6,217.9,218.85,24070563
19-02-2021,ITC,218.85,218.9,214,215.95,28125203
22-02-2021,ITC,212,212,206,207.05,51546288
23-02-2021,ITC,208,210.55,207,208.5,26675953
24-02-2021,ITC,209.1,209.8,206.5,208.85,13160617
25-02-2021,ITC,209.5,211.2,208.8,209.15,25954142
26-02-2021,ITC,207.25,208,203,203.85,43429293
01-03-2021,ITC,205.45,207.75,204.05,206.9,16225536
02-03-2021,ITC,207,210.8,206.5,209.9,25604169
03-03-2021,ITC,212,212,208.8,209.95,20846117
04-03-2021,ITC,208.8,211.3,207.6,209.7,24899212
05-03-2021,ITC,208,210,207.2,208.55,17323590
08-03-2021,ITC,209.7,210.8,207.7,208,22988740
09-03-2021,ITC,208.7,209.75,204.75,207.8,22593086
10-03-2021,ITC,209.1,209.2,205.8,206.5,19603214
12-03-2021,ITC,208,208,203.5,205.2,30787960
15-03-2021,ITC,205.85,206,201.6,205.45,41115906
16-03-2021,ITC,206.4,208.9,204.95,207.85,48763187
17-03-2021,ITC,212.2,213.9,208.55,210.6,78578698
18-03-2021,ITC,213,219.1,211.9,217.65,91993104
19-03-2021,ITC,219,226.15,215.55,222.95,134184994
22-03-2021,ITC,223.3,226.4,221.5,226,46050245
23-03-2021,ITC,225,228.1,221.3,222.2,41564683
24-03-2021,ITC,221,222.8,215.25,215.95,27609243
25-03-2021,ITC,215.15,215.95,209.05,211.6,40681282
26-03-2021,ITC,214.25,214.45,210.35,210.9,26079435
30-03-2021,ITC,213.25,215,210.4,214.55,27792437
31-03-2021,ITC,214.05,219.3,212.7,218.5,36485322
01-04-2021,ITC,220,220.6,217.3,220.05,29062762
05-04-2021,ITC,217.6,220,210.5,212.55,31378045
06-04-2021,ITC,213.8,214.95,210.15,212.65,25674227
07-04-2021,ITC,212.7,215.2,212.45,213.8,15204883
08-04-2021,ITC,214.85,216.1,212.85,213.25,14116874
09-04-2021,ITC,213.75,215.95,212.55,213.1,16364247
12-04-2021,ITC,210,211,205,205.3,34511670
13-04-2021,ITC,207,209.7,206,208.7,20247639
15-04-2021,ITC,209,210.45,206,206.7,17530742
16-04-2021,ITC,208,209.25,206.5,207.95,13311926
19-04-2021,ITC,205,206.1,203.75,205.6,15792299
20-04-2021,ITC,206.2,207,202.5,203.55,21364882
22-04-2021,ITC,202,206.3,200.55,205.9,23139735
23-04-2021,ITC,204.25,207,204.25,205.35,19625381
26-04-2021,ITC,205.8,206.75,204.7,205.3,19886214
27-04-2021,ITC,205.3,206.95,205.05,205.4,11444814
28-04-2021,ITC,206,206.5,205.3,205.5,12708021
29-04-2021,ITC,207.1,207.55,204.05,204.3,13096755
30-04-2021,ITC,203.9,205.7,202,202.6,16495657
01-01-2020,HDFC,2418,2438.5,2409,2433.95,945874
02-01-2020,HDFC,2430,2472.75,2422,2466.4,1701396
03-01-2020,HDFC,2455,2466.4,2441.8,2454.45,1963923
06-01-2020,HDFC,2428,2445,2371.4,2384.1,2656731
07-01-2020,HDFC,2401.25,2428.8,2380.2,2415.05,3771992
08-01-2020,HDFC,2387,2413,2385.5,2406.15,2147334
09-01-2020,HDFC,2430,2462.7,2421.15,2457.4,3247323
10-01-2020,HDFC,2465,2477.65,2440.3,2457.55,2082060
13-01-2020,HDFC,2461.1,2471.05,2441,2462.55,3401754
14-01-2020,HDFC,2463.65,2499.9,2446.6,2492.3,2549328
15-01-2020,HDFC,2483.95,2495,2453.55,2488.6,2279961
16-01-2020,HDFC,2486,2495.75,2471.8,2482.1,1794295
17-01-2020,HDFC,2467.75,2479,2448.25,2453.95,2250437
20-01-2020,HDFC,2474,2486.55,2440.4,2454.35,2274456
21-01-2020,HDFC,2443,2485.9,2432,2465.45,2404025
22-01-2020,HDFC,2474,2483.35,2412.2,2416.6,3356004
23-01-2020,HDFC,2422,2436.4,2404.35,2428.4,1812646
24-01-2020,HDFC,2423,2458.6,2411.4,2450.75,2178412
27-01-2020,HDFC,2433,2445,2388.5,2395.8,2543177
28-01-2020,HDFC,2413,2471.7,2410,2431.6,6698252
29-01-2020,HDFC,2446,2447.5,2400,2404.25,2692713
30-01-2020,HDFC,2413,2428.7,2386.9,2415,2807667
31-01-2020,HDFC,2417,2434.75,2404.5,2414,2828509
01-02-2020,HDFC,2406,2422.7,2252.75,2268.25,3906937
03-02-2020,HDFC,2250,2298.05,2228.2,2259.75,5220749
04-02-2020,HDFC,2265.6,2351,2265.6,2345.95,3288687
05-02-2020,HDFC,2345.55,2395.5,2326.2,2391.65,3244383
06-02-2020,HDFC,2390,2447.8,2369.65,2436.45,3536393
07-02-2020,HDFC,2428.1,2452.3,2398.35,2405.65,2193190
10-02-2020,HDFC,2405,2425.3,2391.05,2414.3,2056525
11-02-2020,HDFC,2424.45,2441.75,2420.2,2435.15,1732762
12-02-2020,HDFC,2449.5,2487,2427.9,2437.6,4173099
13-02-2020,HDFC,2426,2444.15,2399,2403.65,2280271
14-02-2020,HDFC,2402,2425.85,2389.4,2401.75,2611510
17-02-2020,HDFC,2401.75,2406.65,2345.15,2350.25,2398556
18-02-2020,HDFC,2349,2349,2304,2318.8,2345063
19-02-2020,HDFC,2343,2385,2330.05,2377.25,2088724
20-02-2020,HDFC,2364,2377.5,2349.05,2369.5,3351611
24-02-2020,HDFC,2355,2365.2,2280.1,2292.3,4238039
25-02-2020,HDFC,2309,2320.75,2285,2302.6,3292922
26-02-2020,HDFC,2278,2309.5,2253.55,2281.45,6163133
27-02-2020,HDFC,2279.8,2289.6,2244.55,2272.2,3261885
28-02-2020,HDFC,2228.55,2228.55,2162.3,2175.75,7715143
02-03-2020,HDFC,2215,2248.35,2153.8,2179.65,3957634
03-03-2020,HDFC,2201.7,2226.9,2173.3,2191.4,4229070
04-03-2020,HDFC,2207,2216.6,2180.2,2206.05,4460096
05-03-2020,HDFC,2206,2232.2,2183,2195.05,3916762
06-03-2020,HDFC,2145,2145,2092.8,2109.45,5414446
09-03-2020,HDFC,2067.3,2067.3,1981.2,2027.9,5051322
11-03-2020,HDFC,1970,2073.85,1970,2036.25,6997019
12-03-2020,HDFC,1990,1990,1861.1,1875.7,8837533
13-03-2020,HDFC,1780.05,2123.7,1688.15,2066.8,14173637
16-03-2020,HDFC,1964,1979.5,1825,1841.75,10672843
17-03-2020,HDFC,1858.05,1869.9,1740,1755.8,6682574
18-03-2020,HDFC,1771,1784.7,1602.4,1622.55,9070671
19-03-2020,HDFC,1502.1,1703.95,1490.1,1617.6,11254232
20-03-2020,HDFC,1624,1776.9,1535.2,1753.95,11377225
23-03-2020,HDFC,1578.6,1673.25,1500,1520.7,9474584
24-03-2020,HDFC,1554,1649.7,1473.45,1505.1,8900025
25-03-2020,HDFC,1476,1655.6,1476,1646.05,10417560
26-03-2020,HDFC,1689.5,1843.45,1671.2,1733.25,12104359
27-03-2020,HDFC,1785.2,1849.65,1710.05,1754,9048464
30-03-2020,HDFC,1667.3,1699,1548,1558.75,8670691
31-03-2020,HDFC,1625,1666.55,1582,1633.1,10444821
01-04-2020,HDFC,1645.5,1693.6,1575.9,1583.5,6752017
03-04-2020,HDFC,1575.5,1578.8,1482.25,1499.55,10149442
07-04-2020,HDFC,1574.7,1577.5,1517.6,1555.15,12307166
08-04-2020,HDFC,1543.4,1692,1535,1558.8,8974987
09-04-2020,HDFC,1587.7,1714.65,1587.5,1703.1,8572034
13-04-2020,HDFC,1725,1763.75,1646.55,1655.2,7287804
15-04-2020,HDFC,1708.5,1710,1584.9,1596.3,8512332
16-04-2020,HDFC,1590,1663.7,1575,1625.75,7892749
17-04-2020,HDFC,1690,1738,1652.4,1680.6,8954559
20-04-2020,HDFC,1709.8,1738,1673.4,1727.7,7372380
21-04-2020,HDFC,1670,1694.8,1651.1,1669.7,6604554
22-04-2020,HDFC,1669.7,1679,1626.15,1664.15,5301750
23-04-2020,HDFC,1674.9,1687,1651.6,1663.45,4419421
24-04-2020,HDFC,1603,1624.95,1569.1,1580.3,7166440
27-04-2020,HDFC,1618.1,1652.15,1585.35,1591.45,5719079
28-04-2020,HDFC,1615.8,1725,1612.65,1715.8,7691600
29-04-2020,HDFC,1734,1845,1726,1836.75,11881509
30-04-2020,HDFC,1857,1927,1855.5,1916,8237079
04-05-2020,HDFC,1856,1856,1708.3,1724.35,6040202
05-05-2020,HDFC,1745,1769.5,1678,1689.9,7807204
06-05-2020,HDFC,1709,1777.55,1680,1732.15,8781437
07-05-2020,HDFC,1730,1745.95,1697.65,1703.9,3349484
08-05-2020,HDFC,1737,1742,1685,1689.7,4420831
11-05-2020,HDFC,1712.5,1722,1652.1,1658.45,4677500
12-05-2020,HDFC,1630,1682.8,1587.1,1674.1,7019332
13-05-2020,HDFC,1747,1749.5,1698,1712.75,5734243
14-05-2020,HDFC,1685,1693,1628.1,1632.4,5424770
15-05-2020,HDFC,1649,1657.75,1609,1633.8,5610025
18-05-2020,HDFC,1633.5,1637.65,1506.4,1512.05,8460262
19-05-2020,HDFC,1570,1591.75,1512,1539.85,9261076
20-05-2020,HDFC,1550,1640,1545,1627,6847043
21-05-2020,HDFC,1632.9,1651.8,1590,1597.3,7056092
22-05-2020,HDFC,1582,1596.7,1501.5,1516.15,12034389
26-05-2020,HDFC,1516,1568.15,1486,1502.15,12752510
27-05-2020,HDFC,1513,1578,1490,1570.4,12428432
28-05-2020,HDFC,1580,1643.8,1577,1623.7,10262028
29-05-2020,HDFC,1615.9,1676.35,1590.9,1658.9,13809103
01-06-2020,HDFC,1706.6,1764.85,1701.3,1737.7,8056778
02-06-2020,HDFC,1737.7,1822.35,1732.15,1813.55,8319067
03-06-2020,HDFC,1835.2,1859.45,1823.1,1835.65,9490542
04-06-2020,HDFC,1815,1828.4,1759,1764.3,7617538
05-06-2020,HDFC,1775,1788.95,1740.6,1766.6,6691738
08-06-2020,HDFC,1801,1818.9,1748.35,1760.8,6209421
09-06-2020,HDFC,1763.2,1826.75,1746,1772.1,9065372
10-06-2020,HDFC,1784,1820,1782,1809.3,4631195
11-06-2020,HDFC,1805,1826,1781.35,1787.45,5383998
12-06-2020,HDFC,1710,1809,1710,1792.2,5936632
15-06-2020,HDFC,1786.95,1805.25,1726,1751.65,5082387
16-06-2020,HDFC,1785,1834,1768.05,1821.9,7453412
17-06-2020,HDFC,1819,1847.15,1786,1794.65,6816822
18-06-2020,HDFC,1790,1869,1787.3,1855.95,5334835
19-06-2020,HDFC,1854,1867.5,1814,1835.1,12199449
22-06-2020,HDFC,1850.8,1874.2,1813.1,1819.4,4782899
23-06-2020,HDFC,1820,1845,1803.05,1838.1,5043383
24-06-2020,HDFC,1825,1869,1788.6,1797.75,7029207
25-06-2020,HDFC,1782.2,1811,1761.9,1777.8,5939864
26-06-2020,HDFC,1793.85,1799.9,1752.4,1769.35,5731517
29-06-2020,HDFC,1755,1775,1726.25,1741.15,3948941
30-06-2020,HDFC,1751.15,1792.7,1747.2,1754.65,6325246
01-07-2020,HDFC,1764,1844.8,1760.4,1835.15,6991685
02-07-2020,HDFC,1852.95,1899,1842.6,1889.45,6480519
03-07-2020,HDFC,1905.55,1908,1867.3,1885.2,4430264
06-07-2020,HDFC,1903.25,1909.25,1864.55,1868.7,5073705
07-07-2020,HDFC,1880,1892.35,1857,1886.75,4157365
08-07-2020,HDFC,1895,1907,1871,1886.05,2885754
09-07-2020,HDFC,1871.3,1947.9,1865,1941.85,6703324
10-07-2020,HDFC,1915,1931.9,1876.25,1886,3853348
13-07-2020,HDFC,1905,1907.2,1840,1845.55,3403604
14-07-2020,HDFC,1825,1825.3,1770.5,1791.6,5529793
15-07-2020,HDFC,1809,1821.9,1782,1789.9,3994980
16-07-2020,HDFC,1792,1794.7,1750,1787.8,4230162
17-07-2020,HDFC,1800,1821.95,1784.05,1805.85,4240987
20-07-2020,HDFC,1844,1844,1801,1806.05,3915997
21-07-2020,HDFC,1816.5,1900.95,1815,1883.65,6884035
22-07-2020,HDFC,1895.5,1898.95,1851.5,1881.05,5538884
23-07-2020,HDFC,1881.05,1910,1871.6,1875.8,3647242
24-07-2020,HDFC,1854,1857.8,1817,1841.3,3309356
27-07-2020,HDFC,1841.3,1861.95,1824,1850.75,3724639
28-07-2020,HDFC,1859.35,1907,1844.5,1897.35,4346193
29-07-2020,HDFC,1885,1918.5,1867.2,1877.3,7413828
30-07-2020,HDFC,1880,1900.7,1804,1810.65,7473426
31-07-2020,HDFC,1805,1811.2,1759,1781.95,7746014
03-08-2020,HDFC,1781,1781.95,1730.1,1739.8,4648927
04-08-2020,HDFC,1749,1794.45,1743.4,1781.1,4722583
05-08-2020,HDFC,1784.4,1811.5,1766.25,1776.7,5576455
06-08-2020,HDFC,1798.25,1805.7,1762.05,1783.75,6004624
07-08-2020,HDFC,1774.95,1781.8,1763,1777.7,5129995
10-08-2020,HDFC,1794,1811,1789.3,1798.95,3030917
11-08-2020,HDFC,1813,1846.75,1810.5,1826.75,4944312
12-08-2020,HDFC,1825.75,1837.7,1802,1814.2,3606317
13-08-2020,HDFC,1818.5,1823.65,1799.55,1804.85,3769538
14-08-2020,HDFC,1818.6,1823.75,1773.25,1791.7,6136766
17-08-2020,HDFC,1805,1807.85,1783.85,1800.55,4076960
18-08-2020,HDFC,1801.1,1825.4,1795.95,1820.7,3413536
19-08-2020,HDFC,1835,1835.9,1818.05,1827.95,2934730
20-08-2020,HDFC,1803,1807.95,1782.25,1785.15,2702815
21-08-2020,HDFC,1800,1824.7,1787.15,1804.05,3466213
24-08-2020,HDFC,1814.95,1849,1811,1829.85,3816127
25-08-2020,HDFC,1843.75,1852.4,1817.05,1829.6,2646159
26-08-2020,HDFC,1837,1837.8,1803.6,1816,3187424
27-08-2020,HDFC,1832,1883,1830,1864.1,8648531
28-08-2020,HDFC,1871,1889,1862.8,1883.25,4903981
31-08-2020,HDFC,1898.5,1921.9,1797.55,1832.6,7604691
01-09-2020,HDFC,1858,1884,1831.85,1851.2,3793458
02-09-2020,HDFC,1849.85,1849.95,1810,1827.2,4235148
03-09-2020,HDFC,1831,1842.8,1803.45,1808.75,3350617
04-09-2020,HDFC,1783.6,1789,1761.8,1769.7,4214148
07-09-2020,HDFC,1773,1801.45,1760,1791.1,4073465
08-09-2020,HDFC,1785.1,1793.25,1770.8,1777.3,2456321
09-09-2020,HDFC,1759.55,1777.9,1755,1760.75,2509630
10-09-2020,HDFC,1781,1792.95,1760,1777.45,3245630
11-09-2020,HDFC,1771,1786,1760,1768.15,2232185
14-09-2020,HDFC,1781,1796.85,1728.4,1738,4061493
15-09-2020,HDFC,1754.9,1777,1742.8,1758.75,3159537
16-09-2020,HDFC,1766,1774.7,1743.45,1768.15,2592551
17-09-2020,HDFC,1750,1773.2,1736.5,1744.35,3191905
18-09-2020,HDFC,1752.9,1754.75,1708.3,1724,5642506
21-09-2020,HDFC,1722.8,1738.75,1701.85,1708.15,3174505
22-09-2020,HDFC,1716.25,1716.25,1672,1674.85,3615745
23-09-2020,HDFC,1694,1696.65,1650.4,1667.1,4803637
24-09-2020,HDFC,1646.8,1654.15,1623,1636.85,5673754
25-09-2020,HDFC,1651.95,1657.8,1628.1,1652,4046773
28-09-2020,HDFC,1672.9,1692.6,1658,1681.45,2739071
29-09-2020,HDFC,1692,1720,1682.1,1713.1,3696138
30-09-2020,HDFC,1716.9,1744.25,1703.2,1740.05,3594715
01-10-2020,HDFC,1755,1799.85,1750,1790.65,3706206
05-10-2020,HDFC,1784,1816.5,1775.7,1785.1,4056801
06-10-2020,HDFC,1803.15,1943.7,1803.15,1934.4,16829628
07-10-2020,HDFC,1945,1964.85,1908.85,1948.75,7038044
08-10-2020,HDFC,1952.5,1988.45,1938.5,1949.25,4589506
09-10-2020,HDFC,1945,2029.85,1938,1957.65,10848230
12-10-2020,HDFC,1965,1998.95,1942.3,1965.4,3651557
13-10-2020,HDFC,1962,1986.65,1930.55,1943.4,3351027
14-10-2020,HDFC,1935,1989,1919.05,1979.85,3108218
15-10-2020,HDFC,1983,2020,1938.25,1947.2,5170267
16-10-2020,HDFC,1948.4,1983.7,1939.35,1961.7,3238617
19-10-2020,HDFC,1985,2039.9,1983.1,2031.5,6591617
20-10-2020,HDFC,2025,2041.7,2004.05,2015.3,4733065
21-10-2020,HDFC,2030,2067.45,2005.35,2048.75,8166501
22-10-2020,HDFC,2038.3,2063,2023.15,2042.55,5030745
23-10-2020,HDFC,2056,2067.9,2046,2059.7,3573911
26-10-2020,HDFC,2058,2083.95,2052.75,2073.35,4927520
27-10-2020,HDFC,2056,2064.8,2027,2041.35,4468948
28-10-2020,HDFC,2045,2045,1965,1968.9,4636738
29-10-2020,HDFC,1941.25,1970,1927.3,1934.3,3463664
30-10-2020,HDFC,1930,1947,1906.85,1923.55,4322115
02-11-2020,HDFC,1916,2065,1916,2040.8,7635981
03-11-2020,HDFC,2030,2139.65,2030,2130.95,8905106
04-11-2020,HDFC,2111.1,2134.95,2056.4,2088.2,5214238
05-11-2020,HDFC,2106,2120,2084.3,2100.7,4117187
06-11-2020,HDFC,2110,2145,2102.45,2138.45,4607710
09-11-2020,HDFC,2150,2169.95,2138.2,2152.1,3529739
10-11-2020,HDFC,2185,2288.8,2175.55,2272.1,8512622
11-11-2020,HDFC,2279,2337,2273,2324.3,7235313
12-11-2020,HDFC,2297.25,2343.8,2267.45,2332.1,6398213
13-11-2020,HDFC,2320,2323.3,2284,2306.75,3999928
14-11-2020,HDFC,2320,2329.35,2304,2311.25,374286
17-11-2020,HDFC,2339.9,2364.75,2307.4,2349,7393052
18-11-2020,HDFC,2336.7,2369.4,2320.3,2364.9,4344487
19-11-2020,HDFC,2336,2351.9,2311,2324.6,6936896
20-11-2020,HDFC,2330,2386.55,2326.55,2334.8,5321688
23-11-2020,HDFC,2344.2,2347.85,2230.1,2250.8,6995598
24-11-2020,HDFC,2272.25,2272.25,2209.55,2217.7,4945274
25-11-2020,HDFC,2228,2252.15,2179.3,2191.35,6150483
26-11-2020,HDFC,2197.15,2245,2187.65,2238.4,5026304
27-11-2020,HDFC,2240,2272.45,2202.2,2256.25,10179511
01-12-2020,HDFC,2237,2324,2217.65,2306.95,7031670
02-12-2020,HDFC,2300,2304,2252.5,2276.35,3191550
03-12-2020,HDFC,2287,2289.45,2235,2253.95,4528707
04-12-2020,HDFC,2253.95,2284.9,2231.6,2245.9,3245440
07-12-2020,HDFC,2240,2309.7,2221.2,2303.8,4910736
08-12-2020,HDFC,2315,2340,2292.05,2309.75,5262959
09-12-2020,HDFC,2318,2334.65,2280.6,2306.7,3302661
10-12-2020,HDFC,2300,2303,2267,2289.1,2545081
11-12-2020,HDFC,2307,2317.7,2272,2295.9,4577813
14-12-2020,HDFC,2306.7,2315.65,2270.55,2302.65,3160235
15-12-2020,HDFC,2290.5,2357.4,2282.7,2350.35,5056502
16-12-2020,HDFC,2377.95,2443.4,2365.5,2424.65,6532346
17-12-2020,HDFC,2434.9,2509,2420.15,2494.6,7379515
18-12-2020,HDFC,2482,2489,2431,2479.4,4189517
21-12-2020,HDFC,2468,2478.95,2370.45,2414.8,3573982
22-12-2020,HDFC,2415,2439.9,2360.5,2403.65,4832004
23-12-2020,HDFC,2398,2419.65,2376.75,2403.05,2605828
24-12-2020,HDFC,2417,2464.65,2411.05,2455.15,2723426
28-12-2020,HDFC,2467,2485,2436.6,2476.45,2085391
29-12-2020,HDFC,2480,2530,2480,2518.95,4490464
30-12-2020,HDFC,2518.95,2525,2483,2518.05,2902423
31-12-2020,HDFC,2518.7,2575,2504.4,2558.65,4956399
01-01-2021,HDFC,2549,2593.3,2541.15,2568.75,2054108
04-01-2021,HDFC,2576.9,2592.35,2533.15,2578.5,2795972
05-01-2021,HDFC,2589,2659.45,2572.4,2651.85,5870743
06-01-2021,HDFC,2664.7,2665,2619,2638.85,3401085
07-01-2021,HDFC,2670,2709.35,2647.4,2661.35,4106042
08-01-2021,HDFC,2668,2674.4,2631,2657.5,4497042
11-01-2021,HDFC,2680,2762,2666.75,2751.2,5939812
12-01-2021,HDFC,2738,2760,2719,2747.55,3412213
13-01-2021,HDFC,2760.45,2777.15,2651.1,2670.9,5582165
14-01-2021,HDFC,2670,2699,2647.15,2684.05,4253567
15-01-2021,HDFC,2661,2688.45,2615.6,2632.75,2582955
18-01-2021,HDFC,2645.95,2647.4,2550,2566.5,5154593
19-01-2021,HDFC,2585,2680.8,2575,2656.95,3569359
20-01-2021,HDFC,2666,2711.9,2622.6,2688.15,5771114
21-01-2021,HDFC,2687.95,2698,2641.25,2663,3200138
22-01-2021,HDFC,2669,2678.75,2583.05,2589.45,5013872
25-01-2021,HDFC,2630.45,2670,2543,2551.4,7761405
27-01-2021,HDFC,2546.3,2546.3,2458.25,2467,4858346
28-01-2021,HDFC,2430.1,2454,2395.25,2425.75,5282970
29-01-2021,HDFC,2450,2460,2364.6,2377.8,7347695
01-02-2021,HDFC,2402.7,2602.1,2391.85,2579.25,7106502
02-02-2021,HDFC,2625,2762.95,2612,2659,9253486
03-02-2021,HDFC,2695,2734.5,2618,2703.55,4782433
04-02-2021,HDFC,2740.4,2742,2659,2707.75,4108174
05-02-2021,HDFC,2724.5,2767.8,2696.2,2721.5,4575345
08-02-2021,HDFC,2765,2765,2711.1,2733.35,3807824
09-02-2021,HDFC,2760,2784,2710.45,2747.05,5586584
10-02-2021,HDFC,2745.95,2780,2739.2,2767.1,5602915
11-02-2021,HDFC,2744.1,2767.6,2737.45,2760.6,1935639
12-02-2021,HDFC,2746,2809,2735.6,2791.5,2921180
15-02-2021,HDFC,2819,2868,2805,2860.45,2847445
16-02-2021,HDFC,2871,2896,2838,2858.65,2295100
17-02-2021,HDFC,2850.25,2856.6,2787.85,2805.35,2874649
18-02-2021,HDFC,2800,2806,2730.1,2745.15,2937262
19-02-2021,HDFC,2725,2765,2714.15,2741.3,2275146
22-02-2021,HDFC,2741.3,2741.3,2638.15,2651.95,4090709
23-02-2021,HDFC,2670.35,2677.9,2621,2628.6,3022925
24-02-2021,HDFC,2610.1,2723,2610.1,2707.75,2950645
25-02-2021,HDFC,2718.5,2739,2677,2684.7,4758112
26-02-2021,HDFC,2631.05,2631.05,2520,2539.4,8771431
01-03-2021,HDFC,2556,2614.6,2548.6,2606,3595993
02-03-2021,HDFC,2615,2615,2541.4,2564,4086134
03-03-2021,HDFC,2608.9,2664.15,2592.15,2654.9,5640063
04-03-2021,HDFC,2610,2610,2568,2582.95,5315682
05-03-2021,HDFC,2573.6,2579.9,2523.5,2543.9,4254126
08-03-2021,HDFC,2555.05,2560,2505.4,2510.25,2179821
09-03-2021,HDFC,2513.1,2584.4,2513.1,2577.3,2877662
10-03-2021,HDFC,2590.4,2609.4,2580.6,2599.8,2569360
12-03-2021,HDFC,2662,2667.95,2556.35,2568,3487185
15-03-2021,HDFC,2565,2568,2496.05,2535.5,2905477
16-03-2021,HDFC,2556.5,2562.65,2503,2510.4,2446483
17-03-2021,HDFC,2509.1,2542,2502.75,2515.55,3362442
18-03-2021,HDFC,2549,2561.45,2501,2514.6,3460891
19-03-2021,HDFC,2486,2567,2481.7,2531.65,5277763
22-03-2021,HDFC,2530.1,2547.35,2485,2531.85,3367784
23-03-2021,HDFC,2531,2541.35,2492.1,2509.9,3980896
24-03-2021,HDFC,2484.85,2503.5,2446.7,2465.75,3165420
25-03-2021,HDFC,2488,2491.6,2431.1,2470.75,4759214
26-03-2021,HDFC,2506.75,2548,2491.2,2532.75,3272534
30-03-2021,HDFC,2569.3,2617,2555.25,2605.65,4349089
31-03-2021,HDFC,2599.6,2599.6,2490,2498.1,5492619
01-04-2021,HDFC,2524,2536.95,2480,2531.45,2621437
05-04-2021,HDFC,2530,2531,2413,2445.85,3353567
06-04-2021,HDFC,2470.3,2486.85,2435.35,2472.3,2882606
07-04-2021,HDFC,2489,2507.8,2457,2482.7,3511527
08-04-2021,HDFC,2495,2530.9,2485.75,2502.55,2510746
09-04-2021,HDFC,2522,2556,2492.3,2513.9,3234017
12-04-2021,HDFC,2450,2454.45,2405,2419.85,3772771
13-04-2021,HDFC,2422.4,2523.1,2412.25,2512.95,3832030
15-04-2021,HDFC,2540,2555,2493,2547.15,4201633
16-04-2021,HDFC,2550,2589.8,2546.85,2574.05,3133311
19-04-2021,HDFC,2474,2510,2452,2492.35,3550890
20-04-2021,HDFC,2542.15,2544,2406.2,2415.9,7365765
22-04-2021,HDFC,2400,2485,2373,2479.7,4514740
23-04-2021,HDFC,2455.05,2504.15,2437.5,2497.35,3143779
26-04-2021,HDFC,2500,2534.1,2483.2,2509.8,3916088
27-04-2021,HDFC,2494.15,2526.8,2486.25,2518.4,2040799
28-04-2021,HDFC,2516.1,2609,2508.3,2577,3407461
29-04-2021,HDFC,2590.9,2628,2533,2538.85,3005468
30-04-2021,HDFC,2503.1,2525,2411.1,2420.1,6024595
01-01-2020,CIPLA,481,481,474.45,475.9,1316812
02-01-2020,CIPLA,478.85,479.9,472.3,473.5,1406381
03-01-2020,CIPLA,475.8,475.8,467.25,469.95,2252752
06-01-2020,CIPLA,469.8,469.95,461.2,466.75,1501855
07-01-2020,CIPLA,466,470,463.65,468.6,2365554
08-01-2020,CIPLA,467.8,470.1,461.6,464.75,1507276
09-01-2020,CIPLA,467.5,473.3,467.5,470.1,1700600
10-01-2020,CIPLA,470.1,477,469.75,473.5,1213600
13-01-2020,CIPLA,474.5,482.45,474.5,477.65,1229969
14-01-2020,CIPLA,480.6,485.2,479.2,484.25,2160301
15-01-2020,CIPLA,484,486.85,479.55,484,1413668
16-01-2020,CIPLA,484,487.45,479,480.25,1694372
17-01-2020,CIPLA,480,482.95,476.55,480.3,2039387
20-01-2020,CIPLA,480.45,483.15,476.65,480.15,1206931
21-01-2020,CIPLA,478.95,479.55,472.2,473.4,1448808
22-01-2020,CIPLA,474.5,480.3,470.25,471.6,2380518
23-01-2020,CIPLA,464.5,475.85,459.35,465.15,5783749
24-01-2020,CIPLA,465,467.75,456.85,458.85,2713370
27-01-2020,CIPLA,457.5,466.5,454.2,464.45,5849003
28-01-2020,CIPLA,465,468,458.95,464.7,3592413
29-01-2020,CIPLA,464.7,467.4,460.35,461.55,1737293
30-01-2020,CIPLA,461,461,446.35,451,2766881
31-01-2020,CIPLA,453.95,453.95,442.1,446.9,2184609
01-02-2020,CIPLA,446.5,452.2,437.75,444.2,1632513
03-02-2020,CIPLA,444,450.65,439.4,444.55,1690394
04-02-2020,CIPLA,446.7,452.45,444.2,448.45,2030860
05-02-2020,CIPLA,449.55,459.15,437.5,447.55,3637403
06-02-2020,CIPLA,462.5,464.35,435.35,439.65,7118843
07-02-2020,CIPLA,440,445.9,437.3,443.2,6386193
10-02-2020,CIPLA,444.2,451,442.1,444.75,3557480
11-02-2020,CIPLA,447.1,452,443.35,450.6,1889638
12-02-2020,CIPLA,454.95,454.95,445,446.8,1683136
13-02-2020,CIPLA,446.8,448.9,440.5,443.4,2041017
14-02-2020,CIPLA,444,448.9,441.5,447.1,1814780
17-02-2020,CIPLA,444.5,445.75,430.1,431.9,4581786
18-02-2020,CIPLA,433,437.65,428.1,436,2453801
19-02-2020,CIPLA,437.8,449.2,437.4,447.5,2359566
20-02-2020,CIPLA,448,448.8,434.5,435.75,3048500
24-02-2020,CIPLA,436,436.7,426.55,430.15,2569563
25-02-2020,CIPLA,430.2,431.2,420,425.8,2438218
26-02-2020,CIPLA,406,425,405.8,422.2,8068909
27-02-2020,CIPLA,411.1,424,409,421.2,5109022
28-02-2020,CIPLA,413,416.45,398.05,402.1,4200936
02-03-2020,CIPLA,407,411.25,394.65,401.95,3460583
03-03-2020,CIPLA,402,429.2,402,425.3,5476676
04-03-2020,CIPLA,425.6,449.8,420,447.65,9297945
05-03-2020,CIPLA,447.85,472,437.45,440.6,9637431
06-03-2020,CIPLA,425,438.15,423.05,434.4,2916146
09-03-2020,CIPLA,425,432.65,423.5,426.15,2986596
11-03-2020,CIPLA,425,426.15,410.2,417.1,5314548
12-03-2020,CIPLA,412.5,412.5,390.75,394.75,5636464
13-03-2020,CIPLA,388,434.95,355.3,425.55,6096909
16-03-2020,CIPLA,416,423.9,392.75,396.4,5394615
17-03-2020,CIPLA,397,422,390.75,401.75,2989674
18-03-2020,CIPLA,411.8,411.8,381.7,386,4200582
19-03-2020,CIPLA,374.8,390.75,362.9,374.7,2926155
20-03-2020,CIPLA,379.8,399.8,372.45,392.8,4718358
23-03-2020,CIPLA,370,406.9,370,375.25,5507004
24-03-2020,CIPLA,380,409.75,372.55,377.45,6652237
25-03-2020,CIPLA,378,394.9,374,376.45,6419109
26-03-2020,CIPLA,383,394.7,380.5,386.15,4291225
27-03-2020,CIPLA,393,411,391.95,407.65,6471292
30-03-2020,CIPLA,413.8,438.7,407.65,431.75,9021027
31-03-2020,CIPLA,446,446.6,420,422.85,9434756
01-04-2020,CIPLA,424.9,430.9,410.4,413.75,6329718
03-04-2020,CIPLA,425,454.7,416.25,449.2,17906777
07-04-2020,CIPLA,479,513.4,452,492.25,20843854
08-04-2020,CIPLA,496.95,530,490,512.75,19456194
09-04-2020,CIPLA,564,610,564,579.6,27207928
13-04-2020,CIPLA,605,605,583,592.85,15483866
15-04-2020,CIPLA,604.45,614,578.6,592.35,16213849
16-04-2020,CIPLA,590,612.8,582,600.45,12716392
17-04-2020,CIPLA,615,615,595,598,8304296
20-04-2020,CIPLA,598,599.4,580,585.4,5856240
21-04-2020,CIPLA,578,609.8,570,592.1,14471886
22-04-2020,CIPLA,594.9,599.75,585,587.2,6182389
23-04-2020,CIPLA,590,603.9,579.05,586.7,6277909
24-04-2020,CIPLA,586.4,606,583.6,599.3,11127892
27-04-2020,CIPLA,600,632.65,600,608.7,14089884
28-04-2020,CIPLA,616.8,621.25,593.25,598.6,8193432
29-04-2020,CIPLA,605,607.9,590.1,596.25,6767185
30-04-2020,CIPLA,607.9,611.45,586.1,589.6,9100084
04-05-2020,CIPLA,589,616.95,580.6,611.85,16816196
05-05-2020,CIPLA,623.05,623.05,595,596.9,9257197
06-05-2020,CIPLA,597.5,606,590,591.75,6979140
07-05-2020,CIPLA,598,601.8,587.5,589.55,4620871
08-05-2020,CIPLA,598,601.2,589.5,591.9,5051381
11-05-2020,CIPLA,600.95,600.95,583.45,586.05,5853898
12-05-2020,CIPLA,587,593.8,566.2,570.15,8868988
13-05-2020,CIPLA,600,605,568.9,570.2,10438684
14-05-2020,CIPLA,571,577.9,566.1,569.75,8546052
15-05-2020,CIPLA,572,585,565.6,570.3,14388640
18-05-2020,CIPLA,570.6,605,570.5,600.45,22898149
19-05-2020,CIPLA,600,608.8,590.2,594.95,10952723
20-05-2020,CIPLA,597,624.35,595.4,620.65,13441070
21-05-2020,CIPLA,620.65,626.85,612.3,616.6,7916847
22-05-2020,CIPLA,616.7,641.85,610.1,639.35,10875625
26-05-2020,CIPLA,640,646.9,624.05,627.7,8859499
27-05-2020,CIPLA,630,637.8,625.8,633.05,7710110
28-05-2020,CIPLA,634,637.65,626.05,628.35,5488725
29-05-2020,CIPLA,633,650.95,631,648.15,10580213
01-06-2020,CIPLA,649,652.6,634.55,642.5,7439126
02-06-2020,CIPLA,644.9,658.65,636,637.6,6883613
03-06-2020,CIPLA,646.85,649.5,635.3,641.2,5044705
04-06-2020,CIPLA,643,664.8,642.5,660.55,10452588
05-06-2020,CIPLA,665,669.75,649,650.9,6481383
08-06-2020,CIPLA,656.7,657.8,633.05,635.1,6263354
09-06-2020,CIPLA,638.9,654.3,637.05,640.05,8968473
10-06-2020,CIPLA,646.8,650.75,639.8,642.95,5426109
11-06-2020,CIPLA,645.65,646.95,632.8,635,3172467
12-06-2020,CIPLA,616.3,645,616.3,643.6,5579264
15-06-2020,CIPLA,643,653.5,637,643.65,4520269
16-06-2020,CIPLA,644.5,650,632.45,637.8,2927072
17-06-2020,CIPLA,640,643.8,635,640.35,2648049
18-06-2020,CIPLA,641.65,644.8,636.4,642.05,2161531
19-06-2020,CIPLA,648.85,648.85,631.5,636.2,4476030
22-06-2020,CIPLA,691,692.5,651.65,655.95,29313468
23-06-2020,CIPLA,674,674,655.4,659.8,8287942
24-06-2020,CIPLA,660,662.25,628.3,631.2,6955964
25-06-2020,CIPLA,632,642,629.15,634.9,5816412
26-06-2020,CIPLA,639,643.65,631.6,634.9,3847867
29-06-2020,CIPLA,637,648,635.4,644.9,6772345
30-06-2020,CIPLA,647.95,649.9,638,640.25,4319890
01-07-2020,CIPLA,642.6,642.6,621.05,627.1,4809654
02-07-2020,CIPLA,630,654.45,626,646.2,6169883
03-07-2020,CIPLA,652.95,652.95,635.5,638.8,5380124
06-07-2020,CIPLA,640,644.25,629.2,634.6,5604898
07-07-2020,CIPLA,637.95,642.6,635.2,636.55,3781547
08-07-2020,CIPLA,643.45,648,632.5,634.4,6953560
09-07-2020,CIPLA,643.95,643.95,636.25,639.05,4354463
10-07-2020,CIPLA,640,647,636.7,638.9,4119833
13-07-2020,CIPLA,641,646,636.6,638.35,3450074
14-07-2020,CIPLA,639.95,644,631.25,632.3,5432821
15-07-2020,CIPLA,634.4,643.5,633.1,638.2,4253994
16-07-2020,CIPLA,639.95,677.4,635.9,674.5,16098367
17-07-2020,CIPLA,674.5,696.65,669.25,689.1,15244105
20-07-2020,CIPLA,689,690.85,672.35,674.35,5469496
21-07-2020,CIPLA,676.1,682.1,660,662.3,4314960
22-07-2020,CIPLA,666.15,677.8,657.5,661.7,5918154
23-07-2020,CIPLA,663.95,674,662.2,671.45,4620517
24-07-2020,CIPLA,673,681,658.2,666.05,4962946
27-07-2020,CIPLA,673.95,673.95,650.4,652.9,4465120
28-07-2020,CIPLA,651,665.75,644.25,662.6,4583122
29-07-2020,CIPLA,662.6,685.55,662.6,681.25,7288841
30-07-2020,CIPLA,681.2,698.95,681,685.95,7171188
31-07-2020,CIPLA,687,724,687,720.15,18897332
03-08-2020,CIPLA,724,734.2,701,710.4,12500684
04-08-2020,CIPLA,708,718.9,703.2,713.85,6971075
05-08-2020,CIPLA,720.8,729.95,716,722.15,5263247
06-08-2020,CIPLA,724.95,739.7,720.1,731.1,9663912
07-08-2020,CIPLA,738,739.65,724.5,728.65,6159882
10-08-2020,CIPLA,760,814.5,751.35,795.6,56895564
11-08-2020,CIPLA,801.1,801.85,768.75,778,14861526
12-08-2020,CIPLA,778,778,755.6,762.1,7841606
13-08-2020,CIPLA,765.95,782.9,754.1,760.25,13741283
14-08-2020,CIPLA,762,787.75,752.55,771.8,16276397
17-08-2020,CIPLA,779,781,765.5,771.65,6145819
18-08-2020,CIPLA,772,779.65,763,764.85,5520727
19-08-2020,CIPLA,770,772.7,756.65,758.35,6296081
20-08-2020,CIPLA,758.35,771.75,758.35,762.7,8167571
21-08-2020,CIPLA,768.85,770.6,759.05,760.75,4700989
24-08-2020,CIPLA,763,767,750.25,751.75,4942354
25-08-2020,CIPLA,756.25,758,745.25,747.75,3424068
26-08-2020,CIPLA,751.5,754,744.2,748,3730761
27-08-2020,CIPLA,750.8,764,749.95,756.2,6989244
28-08-2020,CIPLA,763,771,746.7,748.6,8206125
31-08-2020,CIPLA,752,755.7,705.2,713.55,7649142
01-09-2020,CIPLA,713.55,741,710,736.55,6260042
02-09-2020,CIPLA,739.95,748.5,729.2,738.25,5583378
03-09-2020,CIPLA,742.7,745.95,735,738.6,3560610
04-09-2020,CIPLA,733.75,750,717.1,724.6,7473320
07-09-2020,CIPLA,728,733.8,707,716.75,4688730
08-09-2020,CIPLA,716.75,726.45,704.4,708.2,4818231
09-09-2020,CIPLA,709.15,734.95,705.2,727.55,9082720
10-09-2020,CIPLA,729,735.9,719.25,726.8,4571167
11-09-2020,CIPLA,725.8,731.5,720.25,725.95,2465472
14-09-2020,CIPLA,729,730.25,717.75,721.6,3104687
15-09-2020,CIPLA,723,754,722.65,742.45,14548327
16-09-2020,CIPLA,743.95,756.5,732,752.6,6773204
17-09-2020,CIPLA,751,762,746.7,751.5,7105873
18-09-2020,CIPLA,780,819.3,776.15,806.25,35527345
21-09-2020,CIPLA,806.25,811.95,762,768.1,12576401
22-09-2020,CIPLA,777.05,787.95,755.15,777.65,14483986
23-09-2020,CIPLA,783.95,784,761.8,767.4,6236596
24-09-2020,CIPLA,764.45,766.65,730,733.45,7123765
25-09-2020,CIPLA,752,777,740.4,770.1,13365213
28-09-2020,CIPLA,772.1,778,755.6,774.8,9291117
29-09-2020,CIPLA,777.6,786,759.05,762.35,6583112
30-09-2020,CIPLA,762.35,794.9,761.05,774.7,14333238
01-10-2020,CIPLA,779.8,781,765.75,773,5852563
05-10-2020,CIPLA,776,784.05,762.05,778.65,6798053
06-10-2020,CIPLA,782,788,777,780.35,4789613
07-10-2020,CIPLA,780,790.65,771,773.6,6086372
08-10-2020,CIPLA,775,815.6,774.9,811.45,12019994
09-10-2020,CIPLA,813,825,800.35,803.15,11673228
12-10-2020,CIPLA,805,819.75,800.15,813.65,6612623
13-10-2020,CIPLA,810,829.05,778.5,787.15,13964627
14-10-2020,CIPLA,788.8,794.55,766.8,781.5,8675723
15-10-2020,CIPLA,780.65,788,762.9,768.3,6291197
16-10-2020,CIPLA,766.95,787.5,758.4,782.35,9099048
19-10-2020,CIPLA,783,784.1,762.15,764,4351957
20-10-2020,CIPLA,765,774.7,756.3,764.3,6029721
21-10-2020,CIPLA,771.8,771.8,756.5,767.1,6932538
22-10-2020,CIPLA,765,769.85,744,757.5,8429302
23-10-2020,CIPLA,761.25,774.65,755,757.55,8515910
26-10-2020,CIPLA,761.2,763.75,742.3,747.15,4665293
27-10-2020,CIPLA,750,773.55,747,770.25,7004115
28-10-2020,CIPLA,771.4,780,762.15,765.25,7050213
29-10-2020,CIPLA,766.1,774.65,757,762.3,6084021
30-10-2020,CIPLA,765.7,767.5,746,754.5,4126277
02-11-2020,CIPLA,757.5,762.35,744.4,751.25,3265890
03-11-2020,CIPLA,756.1,770.55,750.75,759.3,5390467
04-11-2020,CIPLA,757.8,783.8,757.2,781.15,9035451
05-11-2020,CIPLA,786,796.1,778.3,793.5,6656549
06-11-2020,CIPLA,797.4,802,786.55,789.95,7765316
09-11-2020,CIPLA,795.1,804,752.3,763.2,21178707
10-11-2020,CIPLA,769.8,769.8,706.5,717.3,22558440
11-11-2020,CIPLA,727,745.5,718.6,742.35,18892977
12-11-2020,CIPLA,742.4,758.85,733.5,739.7,10422659
13-11-2020,CIPLA,742.5,751,740.15,744.65,6955531
14-11-2020,CIPLA,749.5,749.9,744,745.75,631992
17-11-2020,CIPLA,747.4,751.9,734,742.55,7313289
18-11-2020,CIPLA,747.3,752,733.5,742.95,7190828
19-11-2020,CIPLA,742.55,751.9,737.95,742.1,5804230
20-11-2020,CIPLA,742,748.45,732.25,739.9,5394676
23-11-2020,CIPLA,741.65,758.05,739.4,746.3,8690680
24-11-2020,CIPLA,748.3,752,741.6,748.45,5471533
25-11-2020,CIPLA,750.1,754.55,728.2,731.65,6060158
26-11-2020,CIPLA,734,741,726.5,738.7,6088729
27-11-2020,CIPLA,741,749,735,745.6,12777697
01-12-2020,CIPLA,753,760,746.15,755.6,6241872
02-12-2020,CIPLA,758,761,751.15,758.35,3983393
03-12-2020,CIPLA,760,764.8,756.05,762.15,3765555
04-12-2020,CIPLA,763,770.6,757,766.95,5423289
07-12-2020,CIPLA,766.95,782.5,766,773.15,6779545
08-12-2020,CIPLA,777,779.45,757.8,766,4166424
09-12-2020,CIPLA,769.9,773.9,759.95,762.4,4045201
10-12-2020,CIPLA,763,767.7,755.1,762.75,3679209
11-12-2020,CIPLA,764,766.1,753,755.85,3178041
14-12-2020,CIPLA,778.3,793.3,776.35,789.3,19785595
15-12-2020,CIPLA,789.3,798,779.25,781.65,8249684
16-12-2020,CIPLA,790.35,790.35,782.3,786.8,3817724
17-12-2020,CIPLA,790.75,794.85,781.1,783.2,3984988
18-12-2020,CIPLA,784.25,796,781.5,793.45,6487014
21-12-2020,CIPLA,793,816.9,760,778.5,14465355
22-12-2020,CIPLA,782,798,761.1,795,6139589
23-12-2020,CIPLA,796.35,827,792.25,824.65,8520251
24-12-2020,CIPLA,828.8,834.9,815.3,833.2,7294578
28-12-2020,CIPLA,837.6,839,825.2,830.15,4810932
29-12-2020,CIPLA,830.15,835.75,817.5,827.95,3311293
30-12-2020,CIPLA,830,830,816.05,823.8,2715404
31-12-2020,CIPLA,824,833.35,816.4,819.95,4842886
01-01-2021,CIPLA,822.8,828.95,820.65,826.6,2474916
04-01-2021,CIPLA,831,837.3,826.55,832.25,3487801
05-01-2021,CIPLA,832.25,843.75,825.3,827.25,4559213
06-01-2021,CIPLA,829,834.4,815.25,824.8,3318460
07-01-2021,CIPLA,830,830.45,818,826.55,2879675
08-01-2021,CIPLA,830.7,846.2,827.4,838.7,5072916
11-01-2021,CIPLA,839,860,832.75,856.85,5332109
12-01-2021,CIPLA,860,864.6,841,843.15,4338010
13-01-2021,CIPLA,847.35,852,832.5,841.7,3596529
14-01-2021,CIPLA,841.7,847.55,829,840.9,3652930
15-01-2021,CIPLA,839,844.9,821,823.7,3137877
18-01-2021,CIPLA,822,826.65,796.2,801.75,3742440
19-01-2021,CIPLA,802.5,825.4,802.5,822.45,3791378
20-01-2021,CIPLA,822.5,834.9,822.3,832.8,3056546
21-01-2021,CIPLA,835,839.3,809,812.75,3326213
22-01-2021,CIPLA,815.8,822.5,798.25,808.3,3883231
25-01-2021,CIPLA,813,857,808.25,836.8,10704200
27-01-2021,CIPLA,839.9,856.45,825.2,842.5,7410174
28-01-2021,CIPLA,835.5,848.85,825.7,841.9,4489853
29-01-2021,CIPLA,847.95,850.85,820.75,825.9,7185812
01-02-2021,CIPLA,815,831,779.95,806.4,13856367
02-02-2021,CIPLA,807,826.35,801.5,821.6,8486828
03-02-2021,CIPLA,826,878.9,824.2,849.25,15674616
04-02-2021,CIPLA,847.55,856.5,832.6,834.45,4639606
05-02-2021,CIPLA,839.6,854.9,830.5,847.7,7381183
08-02-2021,CIPLA,852,859.25,841.05,847.25,4244906
09-02-2021,CIPLA,848,856.85,839,841.75,4200281
10-02-2021,CIPLA,847.6,867,841,863.4,5665209
11-02-2021,CIPLA,868,874.9,856,859.8,5347864
12-02-2021,CIPLA,859,864.35,845.5,848.55,2473012
15-02-2021,CIPLA,850.1,856.6,842,844.3,2531913
16-02-2021,CIPLA,850,852.25,841.25,848.35,2808115
17-02-2021,CIPLA,849.45,854.7,833,835.7,2539649
18-02-2021,CIPLA,835,843.45,822.5,825.45,4114251
19-02-2021,CIPLA,823.8,825.45,799,807.35,3834443
22-02-2021,CIPLA,811.4,817.5,786.05,792.45,4090429
23-02-2021,CIPLA,795,803.15,788.4,790.95,3264477
24-02-2021,CIPLA,794,798.1,776.25,789.05,1587082
25-02-2021,CIPLA,795,814,790.45,809.15,5478169
26-02-2021,CIPLA,805,820,780,787.05,7549015
01-03-2021,CIPLA,795,800.5,782,789.8,2748271
02-03-2021,CIPLA,792.6,815,790.8,811.8,4275166
03-03-2021,CIPLA,817.95,818.15,807.6,812.5,3265559
04-03-2021,CIPLA,807.4,818,803.7,806.75,3640996
05-03-2021,CIPLA,806.5,812,800.25,805.15,3832170
08-03-2021,CIPLA,807.95,819,806.2,809.25,2915298
09-03-2021,CIPLA,812.6,816.7,792.1,797,2783825
10-03-2021,CIPLA,806,814.75,801,812.4,2512573
12-03-2021,CIPLA,816.5,818.7,802,805.95,2082799
15-03-2021,CIPLA,807.9,808.9,790,805.5,2651062
16-03-2021,CIPLA,805.1,808.5,787,792.3,3671229
17-03-2021,CIPLA,794.8,794.8,770,772.15,3246092
18-03-2021,CIPLA,776,778.45,750.85,755.15,2894624
19-03-2021,CIPLA,751,767.25,738.1,760.65,5262000
22-03-2021,CIPLA,762,784.6,758.7,772.85,3563266
23-03-2021,CIPLA,775,779.4,768.4,776.1,2118532
24-03-2021,CIPLA,777.8,798.7,772.65,792.95,6904173
25-03-2021,CIPLA,796.9,802.3,783.3,787.25,5292130
26-03-2021,CIPLA,791,799,781.25,787.45,2934548
30-03-2021,CIPLA,790.25,815.9,790.25,812.2,4453933
31-03-2021,CIPLA,811,823.95,805,815.1,3075406
01-04-2021,CIPLA,819.5,824,811.6,818.3,1910949
05-04-2021,CIPLA,825,827,806.1,819.75,2920638
06-04-2021,CIPLA,824,845,821.85,836.15,4569120
07-04-2021,CIPLA,836.15,844.9,830.25,840.85,2404472
08-04-2021,CIPLA,843,850.45,838.4,842,2459821
09-04-2021,CIPLA,840.9,892.3,836.65,883.05,11189432
12-04-2021,CIPLA,890,940,879.15,902.4,30141861
13-04-2021,CIPLA,921.95,932.6,878.3,885.2,11667200
15-04-2021,CIPLA,898.8,925.4,883.9,914.2,13218002
16-04-2021,CIPLA,919.75,944.25,910.9,938.05,13746268
19-04-2021,CIPLA,945.25,955,924,946.3,17805574
20-04-2021,CIPLA,965.1,966.35,941.1,949.3,10205616
22-04-2021,CIPLA,958.8,963.15,938.85,944.35,8522208
23-04-2021,CIPLA,944.35,952.85,922.75,935.6,7972589
26-04-2021,CIPLA,935.6,940,902.15,905.4,10255697
27-04-2021,CIPLA,913,919.5,901,912.4,5669049
28-04-2021,CIPLA,914.35,918,902.95,910.2,7251009
29-04-2021,CIPLA,911.95,917.4,904,906.5,4953091
30-04-2021,CIPLA,900.75,921,900.75,910.35,6459737
